Unnamed: 0,ticker,price,exchange,currency
0.0,MSFT,333.56,NASDAQ,USA
1.0,AMZN,124.83,NASDAQ,USA
2.0,TSLA,259.46,NASDAQ,USA
3.0,META,281.64,NASDAQ,USA
4.0,LLY,453.00,NYSE,USA
5.0,XOM,103.87,NYSE,USA
6.0,AVGO,847.66,NASDAQ,USA
7.0,ORCL,122.10,NYSE,USA
8.0,MRK,111.16,NYSE,USA
9.0,PEP,185.43,NASDAQ,USA
10.0,COST,519.62,NASDAQ,USA
11.0,ADBE,477.48,NASDAQ,USA
12.0,CRM,209.59,NYSE,USA
13.0,DHR,237.71,NYSE,USA
14.0,DIS,88.64,NYSE,USA
15.0,TMUS,132.68,NASDAQ,USA
16.0,WFC,19.10,TSE,CAD
17.0,VZ,35.83,NYSE,USA
18.0,INTC,32.90,NASDAQ,USA
19.0,BMY,65.50,NYSE,USA
20.0,HON,201.80,NASDAQ,USA
21.0,INTU,450.53,NASDAQ,USA
22.0,SPGI,389.11,NYSE,USA
23.0,IBM,133.69,NYSE,USA
24.0,AMGN,227.04,NASDAQ,USA
25.0,AMAT,136.67,NASDAQ,USA
26.0,SYK,297.57,NYSE,USA
27.0,T,25.48,TSE,CAD
28.0,ELV,445.03,NYSE,USA
29.0,MDLZ,73.14,NASDAQ,USA
30.0,BKNG,"2,643.80",NASDAQ,USA
31.0,ADI,185.44,NASDAQ,USA
32.0,REGN,778.77,NASDAQ,USA
33.0,LRCX,605.80,NASDAQ,USA
34.0,ABNB,127.46,NASDAQ,USA
35.0,HCA,20.49,TSE,CAD
36.0,MO,43.95,NYSE,USA
37.0,PGR,130.60,NYSE,USA
38.0,PANW,238.92,NASDAQ,USA
39.0,MU,65.80,NASDAQ,USA
40.0,EL,194.75,NYSE,USA
41.0,SLB,47.76,NYSE,USA
42.0,WM,0.14,TSE,CAD
43.0,SNPS,426.34,NASDAQ,USA
44.0,EOG,110.87,NYSE,USA
45.0,ATVI,80.94,NASDAQ,USA
46.0,CDNS,228.01,NASDAQ,USA
47.0,ICE,3.62,TSE,CAD
48.0,F,14.02,NYSE,USA
49.0,CMG,"2,074.48",NYSE,USA
50.0,EW,91.09,NYSE,USA
51.0,USB,33.43,NYSE,USA
52.0,PNC,126.66,NYSE,USA
53.0,PSA,50.15,TSE,CAD
54.0,CHTR,328.78,NASDAQ,USA
55.0,APH,81.37,NYSE,USA
56.0,ANET,151.51,NYSE,USA
57.0,MRNA,121.07,NASDAQ,USA
58.0,SRE,148.50,NYSE,USA
59.0,MCHP,82.96,NASDAQ,USA
60.0,KHC,36.07,NASDAQ,USA
61.0,KDP,31.74,NASDAQ,USA
62.0,D,53.29,NYSE,USA
63.0,PSX,93.28,NYSE,USA
64.0,CPRT,89.01,NASDAQ,USA
65.0,COF,108.28,NYSE,USA
66.0,SPG,0.38,TSE,CAD
67.0,TRV,175.29,NYSE,USA
68.0,PAYX,112.86,NASDAQ,USA
69.0,ADM,73.46,NYSE,USA
70.0,ET,12.78,NYSE,USA
71.0,CARR,48.22,NYSE,USA
72.0,NUE,151.90,NYSE,USA
73.0,ABC,185.83,NYSE,USA
74.0,DOW,51.88,NYSE,USA
75.0,ROST,107.24,NASDAQ,USA
76.0,DG,167.05,NYSE,USA
77.0,CRWD,143.85,NASDAQ,USA
78.0,BK,13.19,TSE,CAD
79.0,CSGP,87.58,NASDAQ,USA
80.0,GFS,59.44,NASDAQ,USA
81.0,CMI,233.25,NYSE,USA
82.0,CTSH,63.18,NASDAQ,USA
83.0,DD,68.42,NYSE,USA
84.0,PRU,1.54,TSE,CAD
85.0,DLTR,142.77,NASDAQ,USA
86.0,GLW,34.42,NYSE,USA
87.0,LYB,89.44,NYSE,USA
88.0,WEC,90.69,NYSE,USA
89.0,VMC,210.57,NYSE,USA
90.0,WST,368.90,NYSE,USA
91.0,PWR,190.94,NYSE,USA
92.0,OKE,59.08,NYSE,USA
93.0,HUBS,507.72,NYSE,USA
94.0,ALGN,330.71,NASDAQ,USA
95.0,TROW,110.24,NASDAQ,USA
96.0,ALNY,203.90,NASDAQ,USA
97.0,RCL,97.35,NYSE,USA
98.0,EBAY,44.10,NASDAQ,USA
99.0,CDW,176.72,NASDAQ,USA
100.0,CAH,91.99,NYSE,USA
101.0,FE,39.45,NYSE,USA
102.0,K,6.14,TSE,CAD
103.0,NET,63.99,NYSE,USA
104.0,ULTA,450.19,NASDAQ,USA
105.0,AEE,83.20,NYSE,USA
106.0,ETR,100.59,NYSE,USA
107.0,CCL,15.89,NYSE,USA
108.0,LYV,88.65,NYSE,USA
109.0,ROL,41.22,NYSE,USA
110.0,DRI,166.41,NYSE,USA
111.0,FSLR,184.58,NASDAQ,USA
112.0,ARE,12.81,TSE,CAD
113.0,PPL,40.78,TSE,CAD
114.0,CLX,156.25,NYSE,USA
115.0,BR,159.68,NYSE,USA
116.0,CTRA,24.42,NYSE,USA
117.0,FCNCA,"1,252.17",NASDAQ,USA
118.0,COO,370.71,NYSE,USA
119.0,FITB,26.50,NASDAQ,USA
120.0,FWONK,77.31,NASDAQ,USA
121.0,BMRN,96.34,NASDAQ,USA
122.0,UWMC,5.72,NYSE,USA
123.0,UAL,52.85,NASDAQ,USA
124.0,BBY,79.02,NYSE,USA
125.0,SWKS,104.26,NASDAQ,USA
126.0,EXAS,89.78,NASDAQ,USA
127.0,TER,106.89,NASDAQ,USA
128.0,ATO,117.58,NYSE,USA
129.0,TW,69.42,NASDAQ,USA
130.0,OWL,11.30,NYSE,USA
131.0,BLDR,129.10,NYSE,USA
132.0,SJM,152.49,NYSE,USA
133.0,IEX,206.67,NYSE,USA
134.0,NTAP,72.65,NASDAQ,USA
135.0,NTRS,72.95,NASDAQ,USA
136.0,U,38.36,NYSE,USA
137.0,SSNC,59.08,NASDAQ,USA
138.0,DT,50.80,NYSE,USA
139.0,AGR,38.27,NYSE,USA
140.0,SIRI,3.66,NASDAQ,USA
141.0,LKQ,54.98,NASDAQ,USA
142.0,PKI,33.23,TSE,CAD
143.0,GGG,84.96,NYSE,USA
144.0,AES,20.98,NYSE,USA
145.0,CF,72.91,NYSE,USA
146.0,AKAM,88.07,NASDAQ,USA
147.0,INCY,61.89,NASDAQ,USA
148.0,WMG,26.44,NASDAQ,USA
149.0,COIN,58.10,NASDAQ,USA
150.0,L,58.23,NYSE,USA
151.0,CFG,26.94,NYSE,USA
152.0,ACI,21.43,NYSE,USA
153.0,VTRS,10.11,NASDAQ,USA
154.0,TECH,76.65,NASDAQ,USA
155.0,LSCC,85.24,NASDAQ,USA
156.0,TFX,244.89,NYSE,USA
157.0,MANH,189.71,NASDAQ,USA
158.0,LDOS,86.47,NYSE,USA
159.0,DOX,95.58,NASDAQ,USA
160.0,H,36.95,TSE,CAD
161.0,TOST,21.29,NYSE,USA
162.0,NI,27.50,NYSE,USA
163.0,LECO,195.07,NASDAQ,USA
164.0,Z,48.71,NASDAQ,USA
165.0,SWAV,296.26,NASDAQ,USA
166.0,UI,172.85,NYSE,USA
167.0,AZPN,165.68,NASDAQ,USA
168.0,LBRDA,72.60,NASDAQ,USA
169.0,RPM,83.29,NYSE,USA
170.0,CZR,48.43,NASDAQ,USA
171.0,AOS,69.85,NYSE,USA
172.0,PCTY,181.64,NASDAQ,USA
173.0,UTHR,223.07,NASDAQ,USA
174.0,FND,96.18,NYSE,USA
175.0,CHDN,134.61,NASDAQ,USA
176.0,TTC,97.79,NYSE,USA
177.0,TPR,43.22,NYSE,USA
178.0,OVV,36.78,NYSE,USA
179.0,USFD,42.12,NYSE,USA
180.0,BURL,149.21,NYSE,USA
181.0,DAR,59.72,NYSE,USA
182.0,WSC,47.62,NASDAQ,USA
183.0,MTN,247.03,NYSE,USA
184.0,NBIX,98.61,NASDAQ,USA
185.0,EQH,26.22,NYSE,USA
186.0,PCOR,62.80,NYSE,USA
187.0,KEY,30.11,TSE,CAD
188.0,INSP,308.99,NYSE,USA
189.0,DBX,25.75,NASDAQ,USA
190.0,FFIV,145.66,NASDAQ,USA
191.0,DVA,97.68,NYSE,USA
192.0,KBR,65.29,NYSE,USA
193.0,DCP,41.69,NYSE,USA
194.0,MORN,201.77,NASDAQ,USA
195.0,CLH,159.54,NYSE,USA
196.0,LEA,141.10,NYSE,USA
197.0,KNSL,362.60,NYSE,USA
198.0,APP,23.35,NASDAQ,USA
199.0,CASY,221.00,NASDAQ,USA
200.0,WHR,144.66,NYSE,USA
201.0,ALGM,41.18,NASDAQ,USA
202.0,SKX,51.26,NYSE,USA
203.0,IRDM,61.48,NASDAQ,USA
204.0,NNN,41.77,NYSE,USA
205.0,VFC,19.13,NYSE,USA
206.0,GPK,24.41,NYSE,USA
207.0,BERY,63.22,NYSE,USA
208.0,DCI,61.49,NYSE,USA
209.0,OGE,36.58,NYSE,USA
210.0,ITT,88.44,NYSE,USA
211.0,AGL,17.07,NYSE,USA
212.0,AXTA,32.02,NYSE,USA
213.0,FR,7.04,TSE,CAD
214.0,VOYA,71.29,NYSE,USA
215.0,WWD,117.20,NASDAQ,USA
216.0,LFUS,278.96,NASDAQ,USA
217.0,BYD,247.82,TSE,CAD
218.0,NTNX,28.39,NASDAQ,USA
219.0,MEDP,220.44,NASDAQ,USA
220.0,PII,119.17,NYSE,USA
221.0,EDR,3.68,TSE,CAD
222.0,FCN,192.66,NYSE,USA
223.0,GNTX,27.76,NASDAQ,USA
224.0,AR,0.56,TSE,CAD
225.0,GTLS,155.23,NYSE,USA
226.0,WOLF,50.51,NYSE,USA
227.0,MSA,165.89,NYSE,USA
228.0,ALK,49.58,NYSE,USA
229.0,CACC,493.31,NASDAQ,USA
230.0,MUSA,289.56,NYSE,USA
231.0,ITCI,66.43,NASDAQ,USA
232.0,NYT,37.68,NYSE,USA
233.0,DUOL,142.30,NASDAQ,USA
234.0,COKE,664.00,NASDAQ,USA
235.0,HXL,73.63,NYSE,USA
236.0,EXP,174.57,NYSE,USA
237.0,RBC,208.14,NYSE,USA
238.0,CBSH,47.64,NASDAQ,USA
239.0,VVV,36.35,NYSE,USA
240.0,PLUG,9.88,NASDAQ,USA
241.0,MUR,38.32,NYSE,USA
242.0,RLI,131.81,NYSE,USA
243.0,SIGI,98.19,NASDAQ,USA
244.0,GMED,57.74,NYSE,USA
245.0,CWEN,29.76,NYSE,USA
246.0,NXST,162.63,NASDAQ,USA
247.0,SAIC,109.04,NYSE,USA
248.0,GWRE,69.03,NYSE,USA
249.0,DXC,27.10,NYSE,USA
250.0,BOKF,84.30,NASDAQ,USA
251.0,FIX,164.35,NYSE,USA
252.0,EEFT,112.43,NASDAQ,USA
253.0,WING,191.74,NASDAQ,USA
254.0,PR,8.02,TSE,CAD
255.0,CMA,42.10,NYSE,USA
256.0,HGTY,9.50,NYSE,USA
257.0,RHP,92.89,NYSE,USA
258.0,NEP,61.49,NYSE,USA
259.0,MPW,8.93,NYSE,USA
260.0,OSK,3.24,TSE,CAD
261.0,DDS,325.29,NYSE,USA
262.0,HQY,62.90,NASDAQ,USA
263.0,OGN,20.79,NYSE,USA
264.0,FOUR,44.05,TSE,CAD
265.0,INFA,17.80,NYSE,USA
266.0,CIVI,65.58,NYSE,USA
267.0,TDC,51.40,NYSE,USA
268.0,FLO,24.47,NYSE,USA
269.0,TMHC,47.43,NYSE,USA
270.0,SLGN,46.24,NYSE,USA
271.0,CC,33.95,NYSE,USA
272.0,ORA,9.69,TSE,CAD
273.0,ELAN,9.99,NYSE,USA
274.0,PCVX,53.01,NASDAQ,USA
275.0,FRSH,16.31,NASDAQ,USA
276.0,SLAB,151.26,NASDAQ,USA
277.0,VNT,31.27,NYSE,USA
278.0,VSAT,40.16,NASDAQ,USA
279.0,ABG,226.48,NYSE,USA
280.0,TENB,40.95,NASDAQ,USA
281.0,MMSI,82.64,NASDAQ,USA
282.0,QLYS,125.70,NASDAQ,USA
283.0,WEN,22.36,NASDAQ,USA
284.0,HOMB,22.76,NYSE,USA
285.0,NFG,51.40,NYSE,USA
286.0,FLNC,25.98,NASDAQ,USA
287.0,CWAN,15.58,NYSE,USA
288.0,POR,47.89,NYSE,USA
289.0,ESI,2.03,TSE,CAD
290.0,HUN,11.70,TSE,CAD
291.0,CR,5.22,TSE,CAD
292.0,SNV,30.62,NYSE,USA
293.0,RITM,9.33,NYSE,USA
294.0,ICUI,182.25,NASDAQ,USA
295.0,CNXC,81.99,NASDAQ,USA
296.0,BPOP,60.70,NASDAQ,USA
297.0,PNFP,56.41,NASDAQ,USA
298.0,BCPC,133.64,NASDAQ,USA
299.0,AVT,47.60,NASDAQ,USA
300.0,GH,36.56,NASDAQ,USA
301.0,GOCO,19.80,NASDAQ,USA
302.0,DNLI,31.11,NASDAQ,USA
303.0,FYBR,16.47,NASDAQ,USA
304.0,SQSP,30.45,NYSE,USA
305.0,FFIN,28.68,NASDAQ,USA
306.0,SRCL,45.06,NASDAQ,USA
307.0,UBSI,30.52,NASDAQ,USA
308.0,CVNA,24.17,NYSE,USA
309.0,PYCR,23.28,NASDAQ,USA
310.0,SHLS,24.97,NASDAQ,USA
311.0,VLY,7.97,NASDAQ,USA
312.0,MDU,20.38,NYSE,USA
313.0,BKH,61.34,NYSE,USA
314.0,AMC,3.20,TSE,CAD
315.0,AZEK,27.61,NYSE,USA
316.0,ACT,24.98,NASDAQ,USA
317.0,MSTR,331.31,NASDAQ,USA
318.0,RUN,18.65,NASDAQ,USA
319.0,AEIS,106.35,NASDAQ,USA
320.0,BDC,94.53,NYSE,USA
321.0,CXM,13.68,NYSE,USA
322.0,VSH,27.90,NYSE,USA
323.0,ESAB,65.31,NYSE,USA
324.0,ACAD,24.09,NASDAQ,USA
325.0,ARWR,35.53,NASDAQ,USA
326.0,GBCI,32.22,NYSE,USA
327.0,PENN,24.27,NASDAQ,USA
328.0,FSS,63.00,NYSE,USA
329.0,CABO,638.75,NYSE,USA
330.0,HHC,74.95,NYSE,USA
331.0,GTES,13.15,NYSE,USA
332.0,YOU,23.54,NYSE,USA
333.0,FOLD,12.73,NASDAQ,USA
334.0,SMPL,36.64,NASDAQ,USA
335.0,EPRT,23.83,NYSE,USA
336.0,KRC,30.04,NYSE,USA
337.0,DISH,6.35,NASDAQ,USA
338.0,CRCT,16.69,NASDAQ,USA
339.0,NWE,58.61,NASDAQ,USA
340.0,LFST,9.09,NASDAQ,USA
341.0,FOCS,52.50,NASDAQ,USA
342.0,TWNK,25.84,NASDAQ,USA
343.0,SFM,33.19,NASDAQ,USA
344.0,KWR,192.25,NYSE,USA
345.0,PAGP,14.11,NASDAQ,USA
346.0,CRVL,196.58,NASDAQ,USA
347.0,NARI,59.13,NASDAQ,USA
348.0,BCO,71.25,NYSE,USA
349.0,VIR,24.92,NASDAQ,USA
350.0,SYNA,82.09,NASDAQ,USA
351.0,COOP,49.05,NASDAQ,USA
352.0,GPS,9.16,NYSE,USA
353.0,ITRI,71.33,NASDAQ,USA
354.0,AWR,87.53,NYSE,USA
355.0,KRYS,120.00,NASDAQ,USA
356.0,VNO,15.49,NYSE,USA
357.0,AYX,43.76,NYSE,USA
358.0,CVLT,71.01,NASDAQ,USA
359.0,HL,5.05,NYSE,USA
360.0,SPR,29.68,NYSE,USA
361.0,TNL,40.22,NYSE,USA
362.0,SXT,72.40,NYSE,USA
363.0,LGIH,130.41,NASDAQ,USA
364.0,BTU,21.46,NYSE,USA
365.0,SPB,9.46,TSE,CAD
366.0,AKRO,52.72,NASDAQ,USA
367.0,KMPR,47.42,NYSE,USA
368.0,JJSF,156.54,NASDAQ,USA
369.0,AMED,90.79,NASDAQ,USA
370.0,CNS,59.09,NYSE,USA
371.0,FTAI,29.83,NASDAQ,USA
372.0,ROG,160.16,NYSE,USA
373.0,VRNS,25.60,NASDAQ,USA
374.0,VRRM,19.19,NASDAQ,USA
375.0,HASI,25.60,NYSE,USA
376.0,CERT,17.52,NASDAQ,USA
377.0,GMS,67.59,NYSE,USA
378.0,RKLB,5.90,NASDAQ,USA
379.0,MORF,61.05,NASDAQ,USA
380.0,PDCO,32.41,NASDAQ,USA
381.0,INSM,20.69,NASDAQ,USA
382.0,RRR,46.93,NASDAQ,USA
383.0,SBRA,11.73,NASDAQ,USA
384.0,GHC,572.41,NYSE,USA
385.0,FWRD,103.28,NASDAQ,USA
386.0,JBLU,8.14,NASDAQ,USA
387.0,KFY,50.43,NYSE,USA
388.0,WDFC,191.62,NASDAQ,USA
389.0,NABL,14.31,NYSE,USA
390.0,SITM,117.79,NASDAQ,USA
391.0,RUM,9.06,NASDAQ,USA
392.0,APAM,37.51,NYSE,USA
393.0,IMVT,20.12,NASDAQ,USA
394.0,BEAM,32.66,NASDAQ,USA
395.0,GRBK,56.44,NYSE,USA
396.0,PSEC,6.17,NASDAQ,USA
397.0,HIW,22.30,NYSE,USA
398.0,PI,92.28,NASDAQ,USA
399.0,TWKS,7.63,NASDAQ,USA
400.0,MAC,10.93,NYSE,USA
401.0,ACIW,21.97,NASDAQ,USA
402.0,RVNC,28.37,NASDAQ,USA
403.0,PTEN,11.81,NASDAQ,USA
404.0,ABCB,34.09,NASDAQ,USA
405.0,AVAV,97.19,NASDAQ,USA
406.0,JAMF,18.86,NASDAQ,USA
407.0,AMR,168.52,NYSE,USA
408.0,DNUT,14.26,NASDAQ,USA
409.0,CVCO,279.35,NASDAQ,USA
410.0,WOOF,8.64,NASDAQ,USA
411.0,LBRT,13.31,NYSE,USA
412.0,CORT,22.46,NASDAQ,USA
413.0,ENVX,14.42,NASDAQ,USA
414.0,ATRC,48.78,NASDAQ,USA
415.0,MGRC,92.71,NASDAQ,USA
416.0,DFH,25.75,NYSE,USA
417.0,EQC,20.75,NYSE,USA
418.0,XRX,14.51,NASDAQ,USA
419.0,SIX,27.88,NYSE,USA
420.0,CALM,45.04,NASDAQ,USA
421.0,DOOR,100.71,NYSE,USA
422.0,SKT,21.29,NYSE,USA
423.0,EBC,12.31,NASDAQ,USA
424.0,GDRX,5.57,NASDAQ,USA
425.0,DICE,46.59,NASDAQ,USA
426.0,NEO,17.01,NASDAQ,USA
427.0,MRCY,38.10,NASDAQ,USA
428.0,XPEL,82.82,NASDAQ,USA
429.0,VCTR,31.72,NASDAQ,USA
430.0,INDB,47.58,NASDAQ,USA
431.0,NTCT,29.80,NASDAQ,USA
432.0,FUN,41.46,NYSE,USA
433.0,EVCM,11.24,NASDAQ,USA
434.0,SCL,93.55,NYSE,USA
435.0,NMIH,25.24,NASDAQ,USA
436.0,FULT,12.61,NASDAQ,USA
437.0,PRMW,17.30,TSE,CAD
438.0,CBRL,93.69,NASDAQ,USA
439.0,ARCB,87.47,NASDAQ,USA
440.0,HLIO,63.72,NYSE,USA
441.0,OSIS,122.61,NASDAQ,USA
442.0,PD,61.38,TSE,CAD
443.0,HLIT,39.59,TSE,CAD
444.0,CENT,38.45,NASDAQ,USA
445.0,CTRE,19.45,NYSE,USA
446.0,HCC,38.42,NYSE,USA
447.0,TROX,12.35,NYSE,USA
448.0,SLRN,20.05,NASDAQ,USA
449.0,SBCF,22.43,NASDAQ,USA
450.0,OSCR,8.69,NYSE,USA
451.0,MYGN,22.84,NASDAQ,USA
452.0,AIR,57.27,NYSE,USA
453.0,ESTE,13.61,NYSE,USA
454.0,THRM,57.39,NASDAQ,USA
455.0,PCRX,40.31,NASDAQ,USA
456.0,JACK,92.36,NASDAQ,USA
457.0,TOWN,24.30,NASDAQ,USA
458.0,BGCP,4.48,NASDAQ,USA
459.0,RCKT,21.79,NASDAQ,USA
460.0,ANF,36.90,NYSE,USA
461.0,AESI,17.53,NYSE,USA
462.0,KTOS,15.49,NASDAQ,USA
463.0,LILA,8.25,NASDAQ,USA
464.0,CLDX,36.95,NASDAQ,USA
465.0,AGYS,68.07,NASDAQ,USA
466.0,BKE,35.12,NYSE,USA
467.0,GTY,33.48,NYSE,USA
468.0,PHR,19.12,TSE,CAD
469.0,MRTN,21.02,NASDAQ,USA
470.0,SPCE,5.71,NYSE,USA
471.0,ROIC,13.28,NASDAQ,USA
472.0,LRN,38.37,NYSE,USA
473.0,SWI,10.02,NYSE,USA
474.0,PGTI,28.90,NYSE,USA
475.0,SXI,2.00,TSE,CAD
476.0,HEES,44.95,NASDAQ,USA
477.0,ENVA,52.71,NYSE,USA
478.0,EAT,36.09,NYSE,USA
479.0,MOD,31.70,NYSE,USA
480.0,CSGS,52.32,NASDAQ,USA
481.0,HURN,83.81,NASDAQ,USA
482.0,ARI,11.31,NYSE,USA
483.0,TMCI,25.56,NASDAQ,USA
484.0,PRCT,35.13,NASDAQ,USA
485.0,BRP,24.13,NASDAQ,USA
486.0,IBTX,36.59,NASDAQ,USA
487.0,WSBC,25.62,NASDAQ,USA
488.0,ZUO,11.16,NYSE,USA
489.0,NWN,42.24,NYSE,USA
490.0,VRTS,204.55,NASDAQ,USA
491.0,LMAT,67.58,NASDAQ,USA
492.0,RADI,14.87,NASDAQ,USA
493.0,UFPT,192.91,NASDAQ,USA
494.0,RLAY,12.07,NASDAQ,USA
495.0,ALKT,15.84,NASDAQ,USA
496.0,ADUS,91.37,NASDAQ,USA
497.0,PLMR,56.70,NASDAQ,USA
498.0,ETNB,19.02,NASDAQ,USA
499.0,NMRK,6.12,NASDAQ,USA
500.0,SVC,8.60,NASDAQ,USA
501.0,SATS,17.00,NASDAQ,USA
502.0,VVX,46.32,NYSE,USA
503.0,TH,13.65,NASDAQ,USA
504.0,LTC,33.22,NYSE,USA
505.0,CRNC,33.24,NASDAQ,USA
506.0,AHCO,10.39,NASDAQ,USA
507.0,RCUS,18.91,NYSE,USA
508.0,ATSG,19.13,NASDAQ,USA
509.0,PAY,5.30,TSE,CAD
510.0,SYBT,46.07,NASDAQ,USA
511.0,FBK,29.08,NYSE,USA
512.0,HPP,4.75,NYSE,USA
513.0,PLYA,9.07,NASDAQ,USA
514.0,NSSC,36.30,NASDAQ,USA
515.0,RYI,40.83,NYSE,USA
516.0,MCRI,70.86,NASDAQ,USA
517.0,LADR,10.73,NYSE,USA
518.0,FBNC,32.40,NASDAQ,USA
519.0,UTZ,16.39,NYSE,USA
520.0,SCHL,39.36,NASDAQ,USA
521.0,INDI,8.86,NASDAQ,USA
522.0,PCT,9.85,NASDAQ,USA
523.0,TA,12.70,TSE,CAD
524.0,CARS,27.79,TSE,CAD
525.0,OPK,1.63,NASDAQ,USA
526.0,MDRX,11.69,NASDAQ,USA
527.0,HTLD,16.05,NASDAQ,USA
528.0,OEC,20.85,NYSE,USA
529.0,MEG,20.69,TSE,CAD
530.0,GDEN,43.24,NASDAQ,USA
531.0,IBRX,2.85,NASDAQ,USA
532.0,ECVT,10.61,NYSE,USA
533.0,TCBK,35.50,NASDAQ,USA
534.0,BFS,35.85,NYSE,USA
535.0,CTIC,9.10,NASDAQ,USA
536.0,AVNS,25.61,NYSE,USA
537.0,DSGR,52.94,NASDAQ,USA
538.0,ECPG,51.07,NASDAQ,USA
539.0,GEL,9.75,NYSE,USA
540.0,RDFN,10.15,NASDAQ,USA
541.0,KROS,39.69,NASDAQ,USA
542.0,MFA,11.38,NYSE,USA
543.0,ATUS,2.30,NYSE,USA
544.0,PTLO,20.72,NASDAQ,USA
545.0,MBIN,25.77,NASDAQ,USA
546.0,KALU,71.06,NASDAQ,USA
547.0,INFN,4.70,NASDAQ,USA
548.0,SABR,3.18,NASDAQ,USA
549.0,WABC,40.57,NASDAQ,USA
550.0,EVBG,26.53,NASDAQ,USA
551.0,XMTR,22.41,NASDAQ,USA
552.0,LC,9.77,NYSE,USA
553.0,HAIN,12.25,NASDAQ,USA
554.0,CRNX,19.70,NASDAQ,USA
555.0,MIRM,28.60,NASDAQ,USA
556.0,ICHR,36.37,NASDAQ,USA
557.0,OFLX,105.40,NASDAQ,USA
558.0,SAFT,71.13,NASDAQ,USA
559.0,OM,21.70,NASDAQ,USA
560.0,NIC,70.44,NYSE,USA
561.0,ANIP,52.12,NASDAQ,USA
562.0,VBTX,19.01,NASDAQ,USA
563.0,HCSG,14.41,NASDAQ,USA
564.0,IRON,53.34,NASDAQ,USA
565.0,AVID,23.99,NASDAQ,USA
566.0,TWST,17.84,NASDAQ,USA
567.0,COMM,27.11,TSE,CAD
568.0,SAVA,25.21,NASDAQ,USA
569.0,HWKN,49.32,NASDAQ,USA
570.0,WT,7.00,NYSE,USA
571.0,COGT,12.05,NASDAQ,USA
572.0,ATRI,571.01,NASDAQ,USA
573.0,CDMO,15.57,NASDAQ,USA
574.0,BGS,14.11,NYSE,USA
575.0,CET,0.61,TSE,CAD
576.0,SHEN,19.71,NASDAQ,USA
577.0,ACCD,13.17,NASDAQ,USA
578.0,FCEL,2.33,NASDAQ,USA
579.0,BHLB,21.65,NYSE,USA
580.0,KRUS,88.96,NASDAQ,USA
581.0,ASIX,35.48,NYSE,USA
582.0,TTGT,31.85,NASDAQ,USA
583.0,CLNE,4.48,NASDAQ,USA
584.0,PEBO,27.11,NASDAQ,USA
585.0,APOG,43.58,NASDAQ,USA
586.0,INNV,7.07,NASDAQ,USA
587.0,SKWD,25.71,NASDAQ,USA
588.0,SPH,14.80,NYSE,USA
589.0,PRAA,24.23,NASDAQ,USA
590.0,OSTK,21.18,NASDAQ,USA
591.0,GEO,7.39,NYSE,USA
592.0,VREX,23.04,NASDAQ,USA
593.0,PACW,7.64,NASDAQ,USA
594.0,RGR,52.13,NYSE,USA
595.0,ROVR,4.90,NASDAQ,USA
596.0,GNLX,38.00,NASDAQ,USA
597.0,MED,84.93,NYSE,USA
598.0,BFC,86.75,NASDAQ,USA
599.0,APPS,8.53,NASDAQ,USA
600.0,CHCT,33.03,NYSE,USA
601.0,HCCI,36.78,NASDAQ,USA
602.0,QTRX,23.27,NASDAQ,USA
603.0,RXST,26.11,NASDAQ,USA
604.0,SCHN,32.30,NASDAQ,USA
605.0,NX,26.36,NYSE,USA
606.0,ARLO,9.26,NYSE,USA
607.0,WEST,11.25,NASDAQ,USA
608.0,EB,8.67,NYSE,USA
609.0,TBLA,2.89,NASDAQ,USA
610.0,BCSF,13.47,NYSE,USA
611.0,OXLC,4.85,NASDAQ,USA
612.0,UTL,53.99,NYSE,USA
613.0,GABC,28.37,NASDAQ,USA
614.0,FBMS,27.28,NASDAQ,USA
615.0,PRDO,12.53,NASDAQ,USA
616.0,INVA,12.89,NASDAQ,USA
617.0,MRC,103.06,TSE,CAD
618.0,SBSI,26.69,NASDAQ,USA
619.0,SBGI,12.85,NASDAQ,USA
620.0,PLPC,166.33,NASDAQ,USA
621.0,BRKL,9.12,NASDAQ,USA
622.0,KURA,10.72,NASDAQ,USA
623.0,COLL,23.64,NASDAQ,USA
624.0,PRA,25.85,TSE,CAD
625.0,TGI,12.36,NYSE,USA
626.0,SLRC,14.29,NASDAQ,USA
627.0,MVIS,4.27,NASDAQ,USA
628.0,ME,1.62,NASDAQ,USA
629.0,SHYF,22.44,NASDAQ,USA
630.0,CANO,1.41,NYSE,USA
631.0,HSTM,24.28,NASDAQ,USA
632.0,LXU,10.04,NYSE,USA
633.0,LYEL,3.19,NASDAQ,USA
634.0,SPTN,21.71,NASDAQ,USA
635.0,MYE,19.61,NYSE,USA
636.0,RWT,6.48,NYSE,USA
637.0,GRC,0.11,TSE,CAD
638.0,RAPT,21.18,NASDAQ,USA
639.0,CHUY,40.63,NASDAQ,USA
640.0,OFIX,19.67,NASDAQ,USA
641.0,BJRI,31.03,NASDAQ,USA
642.0,CRAI,103.00,NASDAQ,USA
643.0,SES,2.13,NYSE,USA
644.0,BASE,25.55,TSE,CAD
645.0,LASR,15.71,NASDAQ,USA
646.0,ALLO,4.71,NASDAQ,USA
647.0,EGBN,22.27,NASDAQ,USA
648.0,SSP,8.30,NASDAQ,USA
649.0,MCRB,5.72,NASDAQ,USA
650.0,TRNS,90.21,NASDAQ,USA
651.0,DENN,12.04,NASDAQ,USA
652.0,DX,12.54,NYSE,USA
653.0,SXC,8.08,NYSE,USA
654.0,KE,26.71,NASDAQ,USA
655.0,IDT,26.08,NYSE,USA
656.0,GMRE,9.40,NYSE,USA
657.0,BV,7.06,NYSE,USA
658.0,MLYS,16.42,NASDAQ,USA
659.0,AGEN,1.84,NASDAQ,USA
660.0,LDI,2.05,NYSE,USA
661.0,GPRO,4.19,NASDAQ,USA
662.0,HAYN,50.01,NASDAQ,USA
663.0,EGLE,46.34,NYSE,USA
664.0,EXFY,8.17,NASDAQ,USA
665.0,ATNI,38.41,NASDAQ,USA
666.0,OSPN,15.31,NASDAQ,USA
667.0,SCWX,6.79,NASDAQ,USA
668.0,VYGR,12.64,NASDAQ,USA
669.0,HBT,18.65,NASDAQ,USA
670.0,OSBC,13.53,NASDAQ,USA
671.0,BOC,19.05,NYSE,USA
672.0,MYPS,4.74,NASDAQ,USA
673.0,SCVL,22.78,NASDAQ,USA
674.0,ATRO,19.61,NASDAQ,USA
675.0,FORR,30.57,NASDAQ,USA
676.0,LQDA,9.41,NASDAQ,USA
677.0,ARQT,9.66,NASDAQ,USA
678.0,BTAI,19.06,NASDAQ,USA
679.0,TCMD,24.63,NASDAQ,USA
680.0,FATE,5.79,NASDAQ,USA
681.0,EDIT,8.02,NASDAQ,USA
682.0,CYH,18.96,TSE,CAD
683.0,ATLC,40.08,NASDAQ,USA
684.0,DMRC,28.09,NASDAQ,USA
685.0,CVGW,32.17,NASDAQ,USA
686.0,ACRE,10.25,NYSE,USA
687.0,FRPH,56.87,NASDAQ,USA
688.0,LIND,10.59,NASDAQ,USA
689.0,NPK,76.84,NYSE,USA
690.0,RGP,16.14,NASDAQ,USA
691.0,AGX,40.85,NYSE,USA
692.0,ONEW,34.23,NASDAQ,USA
693.0,HOV,99.33,NYSE,USA
694.0,CLW,30.45,NYSE,USA
695.0,DHIL,174.70,NASDAQ,USA
696.0,NFBK,11.17,NASDAQ,USA
697.0,MRNS,10.37,NASDAQ,USA
698.0,CVLG,40.24,NASDAQ,USA
699.0,MCFT,29.74,NASDAQ,USA
700.0,HTBK,8.40,NASDAQ,USA
701.0,TSVT,10.21,NASDAQ,USA
702.0,ANAB,19.90,NASDAQ,USA
703.0,GCBC,29.65,NASDAQ,USA
704.0,FLWS,7.79,NASDAQ,USA
705.0,FC,10.30,TSE,CAD
706.0,GOOD,12.24,NASDAQ,USA
707.0,LQDT,15.96,NASDAQ,USA
708.0,AMAL,16.21,NASDAQ,USA
709.0,TRDA,15.15,NASDAQ,USA
710.0,CLSK,4.78,NASDAQ,USA
711.0,NRIX,10.01,NASDAQ,USA
712.0,CABA,12.03,NASDAQ,USA
713.0,TRIN,13.61,NASDAQ,USA
714.0,ACCO,5.13,NYSE,USA
715.0,KRNY,7.25,NASDAQ,USA
716.0,HAFC,15.71,NASDAQ,USA
717.0,AURA,12.61,NASDAQ,USA
718.0,LAW,7.74,NYSE,USA
719.0,LBC,9.06,NASDAQ,USA
720.0,HIBB,37.20,NASDAQ,USA
721.0,MBI,8.57,NYSE,USA
722.0,BFLY,2.24,NYSE,USA
723.0,QNST,8.48,NASDAQ,USA
724.0,MBWM,28.19,NASDAQ,USA
725.0,EZPW,8.30,NASDAQ,USA
726.0,TPIC,10.62,NASDAQ,USA
727.0,NVEC,94.59,NASDAQ,USA
728.0,TNYA,6.17,NASDAQ,USA
729.0,EGHT,3.65,NASDAQ,USA
730.0,CDNA,8.07,NASDAQ,USA
731.0,PETQ,14.81,NASDAQ,USA
732.0,MGTX,6.91,NASDAQ,USA
733.0,GAIN,12.86,NASDAQ,USA
734.0,KOD,7.29,NASDAQ,USA
735.0,SFIX,3.64,NASDAQ,USA
736.0,OMGA,7.13,NASDAQ,USA
737.0,SLAM,10.59,NASDAQ,USA
738.0,NEWT,17.03,NASDAQ,USA
739.0,MCB,1.40,TSE,CAD
740.0,SCPL,19.51,NASDAQ,USA
741.0,SRDX,30.10,NASDAQ,USA
742.0,VTNR,5.35,NASDAQ,USA
743.0,RCEL,15.87,NASDAQ,USA
744.0,ALLK,4.49,NASDAQ,USA
745.0,ICVX,9.67,NASDAQ,USA
746.0,SCWO,3.17,NASDAQ,USA
747.0,FFIC,13.78,NASDAQ,USA
748.0,RXT,1.84,NASDAQ,USA
749.0,SKYT,8.84,NASDAQ,USA
750.0,OSUR,5.31,NASDAQ,USA
751.0,SGHT,8.05,NASDAQ,USA
752.0,MRSN,3.28,NASDAQ,USA
753.0,VLD,1.99,NYSE,USA
754.0,RSVR,6.07,NASDAQ,USA
755.0,IBEX,20.93,NASDAQ,USA
756.0,VHI,2.70,TSE,CAD
757.0,CCNE,17.75,NASDAQ,USA
758.0,ARAY,3.84,NASDAQ,USA
759.0,PNNT,5.79,NYSE,USA
760.0,FSBC,21.66,NASDAQ,USA
761.0,ALRS,18.49,NASDAQ,USA
762.0,AVNW,31.72,NASDAQ,USA
763.0,GNE,14.33,NYSE,USA
764.0,TTI,2.84,NYSE,USA
765.0,CPSI,24.90,NASDAQ,USA
766.0,ZYXI,9.69,NASDAQ,USA
767.0,SVRA,3.05,NASDAQ,USA
768.0,VMD,9.71,NASDAQ,USA
769.0,SMTI,43.55,NASDAQ,USA
770.0,KRT,17.98,NASDAQ,USA
771.0,ASRT,6.32,NASDAQ,USA
772.0,OLMA,8.40,NASDAQ,USA
773.0,BAND,13.02,NASDAQ,USA
774.0,UTMD,93.75,NASDAQ,USA
775.0,LSEA,8.58,NASDAQ,USA
776.0,TPC,6.51,NYSE,USA
777.0,IMRX,11.16,NASDAQ,USA
778.0,GBIO,5.35,NASDAQ,USA
779.0,CVGI,10.18,NASDAQ,USA
780.0,TCI,37.62,NYSE,USA
781.0,NATH,81.75,NASDAQ,USA
782.0,YMAB,7.53,NASDAQ,USA
783.0,DXLG,5.24,NASDAQ,USA
784.0,FMAO,23.84,NASDAQ,USA
785.0,SENEA,42.99,NASDAQ,USA
786.0,TWOU,3.84,NASDAQ,USA
787.0,PGEN,1.17,NASDAQ,USA
788.0,STRO,5.39,NASDAQ,USA
789.0,AMNB,29.32,NASDAQ,USA
790.0,NVTA,1.15,NYSE,USA
791.0,OSG,4.43,NYSE,USA
792.0,ZUMZ,16.18,NASDAQ,USA
793.0,CVRX,14.90,NASDAQ,USA
794.0,BMRC,19.19,NASDAQ,USA
795.0,BOOM,16.10,NASDAQ,USA
796.0,NODK,14.34,NASDAQ,USA
797.0,PFIS,42.79,NASDAQ,USA
798.0,HUMA,2.89,NASDAQ,USA
799.0,NWPX,29.88,NASDAQ,USA
800.0,WHF,12.80,NASDAQ,USA
801.0,SEER,4.46,NASDAQ,USA
802.0,ORIC,6.58,NASDAQ,USA
803.0,PLSE,6.07,NASDAQ,USA
804.0,NVCT,17.74,NASDAQ,USA
805.0,FNLC,25.60,NASDAQ,USA
806.0,VCSA,0.59,NASDAQ,USA
807.0,NL,5.71,NYSE,USA
808.0,SBT,5.40,NASDAQ,USA
809.0,LE,8.68,NASDAQ,USA
810.0,PRLD,5.08,NASDAQ,USA
811.0,DSP,4.48,NASDAQ,USA
812.0,PTRA,1.23,NASDAQ,USA
813.0,AVAH,1.48,NASDAQ,USA
814.0,III,5.71,NASDAQ,USA
815.0,NGM,3.29,NASDAQ,USA
816.0,CIX,14.76,TSE,CAD
817.0,RIGL,1.67,NASDAQ,USA
818.0,TELA,10.88,NASDAQ,USA
819.0,PCYO,10.81,NASDAQ,USA
820.0,FFWM,4.67,NASDAQ,USA
821.0,ACTG,4.52,NASDAQ,USA
822.0,TAST,5.26,NASDAQ,USA
823.0,BSRR,17.31,NASDAQ,USA
824.0,LIAN,2.40,NASDAQ,USA
825.0,RBOT,28.26,TSE,CAD
826.0,MASS,7.64,NASDAQ,USA
827.0,RELL,18.32,NASDAQ,USA
828.0,NC,35.08,NYSE,USA
829.0,PFMT,3.53,NASDAQ,USA
830.0,EHTH,8.93,NASDAQ,USA
831.0,FISI,16.34,NASDAQ,USA
832.0,BKSY,1.85,NYSE,USA
833.0,SHBI,12.32,NASDAQ,USA
834.0,ASUR,12.30,NASDAQ,USA
835.0,SKYX,2.86,NASDAQ,USA
836.0,NATR,12.65,NASDAQ,USA
837.0,APYX,7.33,NASDAQ,USA
838.0,PPTA,3.90,NASDAQ,USA
839.0,PBPB,8.15,NASDAQ,USA
840.0,UNTY,23.48,NASDAQ,USA
841.0,WLDN,18.06,NASDAQ,USA
842.0,CMTL,8.96,NASDAQ,USA
843.0,TGAN,3.82,NASDAQ,USA
844.0,RBB,12.23,NASDAQ,USA
845.0,AMTX,6.26,NASDAQ,USA
846.0,EVER,6.79,NASDAQ,USA
847.0,QIPT,5.70,NASDAQ,USA
848.0,AKTS,3.11,NASDAQ,USA
849.0,FRGI,8.76,NASDAQ,USA
850.0,NSTG,4.37,NASDAQ,USA
851.0,TIO,1.30,NASDAQ,USA
852.0,FLL,6.37,NASDAQ,USA
853.0,SWKH,17.03,NASDAQ,USA
854.0,PLBC,37.14,NASDAQ,USA
855.0,GRTS,2.53,NASDAQ,USA
856.0,MKFG,1.05,NYSE,USA
857.0,XOMA,18.57,NASDAQ,USA
858.0,ZVRA,6.08,NASDAQ,USA
859.0,RRGB,13.42,NASDAQ,USA
860.0,STRS,25.90,NASDAQ,USA
861.0,ORRF,19.22,NASDAQ,USA
862.0,QSI,1.49,NASDAQ,USA
863.0,ATLX,22.16,NASDAQ,USA
864.0,HOFT,18.72,NASDAQ,USA
865.0,JYNT,13.25,NASDAQ,USA
866.0,ALTO,2.50,NASDAQ,USA
867.0,AADI,7.81,NASDAQ,USA
868.0,ALCO,25.23,NASDAQ,USA
869.0,PWOD,27.10,NASDAQ,USA
870.0,OPRT,5.70,NASDAQ,USA
871.0,CFFI,55.40,NASDAQ,USA
872.0,HEAR,11.10,NASDAQ,USA
873.0,CVCY,15.97,NASDAQ,USA
874.0,KVHI,9.91,NASDAQ,USA
875.0,BCAB,3.82,NASDAQ,USA
876.0,ATRA,1.90,NASDAQ,USA
877.0,SELB,1.17,NASDAQ,USA
878.0,OBT,33.25,NASDAQ,USA
879.0,AUGX,4.36,NASDAQ,USA
880.0,WISH,7.53,NASDAQ,USA
881.0,RMBL,11.39,NASDAQ,USA
882.0,CCLP,1.25,NASDAQ,USA
883.0,OXSQ,2.69,NASDAQ,USA
884.0,SDC,0.44,NASDAQ,USA
885.0,MACK,12.36,NASDAQ,USA
886.0,BCOV,4.07,NASDAQ,USA
887.0,INVE,7.13,NASDAQ,USA
888.0,VERI,4.51,NASDAQ,USA
889.0,SATL,1.95,NASDAQ,USA
890.0,ATLO,18.37,NASDAQ,USA
891.0,ESSA,15.89,NASDAQ,USA
892.0,VSTM,9.72,NASDAQ,USA
893.0,LTCH,1.21,NASDAQ,USA
894.0,USGO,12.73,NASDAQ,USA
895.0,CTSO,3.65,NASDAQ,USA
896.0,FGBI,13.62,NASDAQ,USA
897.0,LTRX,4.22,NASDAQ,USA
898.0,CCCC,2.96,NASDAQ,USA
899.0,BLZE,4.25,NASDAQ,USA
900.0,LRMR,3.47,NASDAQ,USA
901.0,REAL,6.24,TSE,CAD
902.0,RENT,2.16,NASDAQ,USA
903.0,ESPR,1.42,NASDAQ,USA
904.0,VXRT,0.92,NASDAQ,USA
905.0,HGBL,3.84,NASDAQ,USA
906.0,RGTI,0.98,NASDAQ,USA
907.0,GTHX,2.63,NASDAQ,USA
908.0,ANTX,7.21,NASDAQ,USA
909.0,MNMD,3.60,NASDAQ,USA
910.0,SEEL,1.06,NASDAQ,USA
911.0,OPTN,1.19,NASDAQ,USA
912.0,UFI,7.30,NYSE,USA
913.0,WNEB,5.87,NASDAQ,USA
914.0,GRPN,4.81,NASDAQ,USA
915.0,PAYS,2.51,NASDAQ,USA
916.0,IVVD,1.13,NASDAQ,USA
917.0,BSET,14.48,NASDAQ,USA
918.0,HWBK,17.81,NASDAQ,USA
919.0,FREE,2.69,NASDAQ,USA
920.0,DZSI,4.27,NASDAQ,USA
921.0,LIFE,21.40,TSE,CAD
922.0,FOSL,2.45,NASDAQ,USA
923.0,GOSS,1.31,NASDAQ,USA
924.0,HNVR,17.96,NASDAQ,USA
925.0,CDXC,1.60,NASDAQ,USA
926.0,FAT,7.65,NASDAQ,USA
927.0,ISSC,7.35,NASDAQ,USA
928.0,FNGR,2.89,NASDAQ,USA
929.0,ATOS,0.92,NASDAQ,USA
930.0,HMST,6.26,NASDAQ,USA
931.0,ECBK,13.04,NASDAQ,USA
932.0,MNOV,2.42,NASDAQ,USA
933.0,CASA,1.20,NASDAQ,USA
934.0,CIA,5.56,TSE,CAD
935.0,PRDS,1.82,NASDAQ,USA
936.0,ISTR,11.67,NASDAQ,USA
937.0,ASTR,0.39,NASDAQ,USA
938.0,PTRS,6.52,NASDAQ,USA
939.0,TBNK,24.00,TSE,CAD
940.0,UPLD,3.10,NASDAQ,USA
941.0,QMCO,1.15,NASDAQ,USA
942.0,ATHA,2.87,NASDAQ,USA
943.0,PEBK,18.55,NASDAQ,USA
944.0,RVSB,5.04,NASDAQ,USA
945.0,UNB,22.85,NASDAQ,USA
946.0,GEOS,7.76,NASDAQ,USA
947.0,LCUT,4.41,NASDAQ,USA
948.0,IVAC,3.85,NASDAQ,USA
949.0,BFIN,7.96,NASDAQ,USA
950.0,XXII,0.45,NASDAQ,USA
951.0,KITT,2.05,NASDAQ,USA
952.0,BDSX,1.19,NASDAQ,USA
953.0,FCUV,13.47,TSE,CAD
954.0,EARN,45.91,TSE,CAD
955.0,NNBR,2.22,NASDAQ,USA
956.0,FLXS,18.57,NASDAQ,USA
957.0,RDI,2.64,NASDAQ,USA
958.0,SPRB,2.27,NASDAQ,USA
959.0,INSG,0.73,NASDAQ,USA
960.0,PROV,12.06,NASDAQ,USA
961.0,LVLU,2.13,NASDAQ,USA
962.0,ROOT,9.62,NASDAQ,USA
963.0,VTSI,7.83,NASDAQ,USA
964.0,ABEO,4.83,NASDAQ,USA
965.0,STRM,1.45,NASDAQ,USA
966.0,VRAY,0.41,NASDAQ,USA
967.0,DARE,0.96,NASDAQ,USA
968.0,SCOR,0.85,NASDAQ,USA
969.0,IDEX,0.10,NASDAQ,USA
970.0,PET,30.93,TSE,CAD
971.0,XLO,2.97,NASDAQ,USA
972.0,DMTK,2.48,NASDAQ,USA
973.0,SPRO,1.46,NASDAQ,USA
974.0,CENN,0.30,NASDAQ,USA
975.0,OPOF,15.85,NASDAQ,USA
976.0,LGVN,3.59,NASDAQ,USA
977.0,SOHO,2.02,NASDAQ,USA
978.0,CAMP,1.81,NASDAQ,USA
979.0,IMUX,1.67,NASDAQ,USA
980.0,PIRS,0.26,NASDAQ,USA
981.0,CURO,1.70,NYSE,USA
982.0,PRAX,1.10,NASDAQ,USA
983.0,TIL,0.51,NASDAQ,USA
984.0,DFLI,1.55,NASDAQ,USA
985.0,SND,1.68,NASDAQ,USA
986.0,RCAT,1.16,NASDAQ,USA
987.0,BNED,1.21,NYSE,USA
988.0,VANI,1.27,NASDAQ,USA
989.0,XOS,0.40,NASDAQ,USA
990.0,SYRS,3.05,NASDAQ,USA
991.0,LUCD,1.42,NASDAQ,USA
992.0,VWE,1.06,NASDAQ,USA
993.0,VGZ,0.70,TSE,CAD
994.0,VTVT,0.79,NASDAQ,USA
995.0,RMTI,4.47,NASDAQ,USA
996.0,HOUR,1.73,NASDAQ,USA
997.0,RIDE,3.56,NASDAQ,USA
998.0,OMIC,0.80,NASDAQ,USA
999.0,GECC,7.62,NASDAQ,USA
1000.0,FARM,2.75,NASDAQ,USA
1001.0,QNCX,1.40,NASDAQ,USA
1002.0,ATIP,11.97,NYSE,USA
1003.0,USIO,1.93,NASDAQ,USA
1004.0,SURF,0.85,NASDAQ,USA
1005.0,LPTH,1.37,NASDAQ,USA
1006.0,BYSI,1.28,NASDAQ,USA
1007.0,TTCF,0.59,NASDAQ,USA
1008.0,HEPA,11.71,NASDAQ,USA
1009.0,SUNL,0.35,NYSE,USA
1010.0,RAIN,1.31,NASDAQ,USA
1011.0,SONM,1.16,NASDAQ,USA
1012.0,AVRO,0.99,NASDAQ,USA
1013.0,CWD,2.14,NASDAQ,USA
1014.0,SLS,1.65,NASDAQ,USA
1015.0,TSHA,0.70,NASDAQ,USA
1016.0,HHS,5.70,NASDAQ,USA
1017.0,DRCT,3.06,NASDAQ,USA
1018.0,HFBL,13.81,NASDAQ,USA
1019.0,GRNA,0.29,NASDAQ,USA
1020.0,PAVM,0.40,NASDAQ,USA
1021.0,SUNW,1.13,NASDAQ,USA
1022.0,CYN,1.20,NASDAQ,USA
1023.0,SPI,1.36,NASDAQ,USA
1024.0,OWLT,0.35,NYSE,USA
1025.0,ATER,0.47,NASDAQ,USA
1026.0,MULN,0.20,NASDAQ,USA
1027.0,ALPS,0.71,NASDAQ,USA
1028.0,USAU,4.29,NASDAQ,USA
1029.0,AGIL,0.74,NASDAQ,USA
1030.0,EMKR,0.71,NASDAQ,USA
1031.0,DERM,2.00,NASDAQ,USA
1032.0,NRXP,0.50,NASDAQ,USA
1033.0,NERV,6.25,NASDAQ,USA
1034.0,KALA,15.33,NASDAQ,USA
1035.0,BABY,0.72,TSE,CAD
1036.0,LOCL,3.71,NYSE,USA
1037.0,CASI,2.50,NASDAQ,USA
1038.0,XPON,4.48,NASDAQ,USA
1039.0,MBOT,3.17,NASDAQ,USA
1040.0,ADN,0.61,NASDAQ,USA
1041.0,CISO,0.18,NASDAQ,USA
1042.0,XELA,4.46,NASDAQ,USA
1043.0,SNCE,0.25,NASDAQ,USA
1044.0,MNTS,0.30,NASDAQ,USA
1045.0,JEWL,1.24,NASDAQ,USA
1046.0,SNAX,0.60,NASDAQ,USA
1047.0,BMRA,1.57,NASDAQ,USA
1048.0,HARP,0.69,NASDAQ,USA
1049.0,RGLS,1.31,NASDAQ,USA
1050.0,BRDS,2.14,NYSE,USA
1051.0,LPCN,5.07,NASDAQ,USA
1052.0,PMD,4.57,NASDAQ,USA
1053.0,MGRX,1.71,NASDAQ,USA
1054.0,VCNX,0.38,NASDAQ,USA
1055.0,SIEN,2.33,NASDAQ,USA
1056.0,PIXY,1.32,NASDAQ,USA
1057.0,BBIG,1.69,NASDAQ,USA
1058.0,SDIG,4.38,NASDAQ,USA
1059.0,CGRN,1.30,NASDAQ,USA
1060.0,FRZA,1.30,NASDAQ,USA
1061.0,SEAC,8.09,NASDAQ,USA
1062.0,ECOR,2.05,TSE,CAD
1063.0,HGEN,0.16,NASDAQ,USA
1064.0,ALBT,1.81,NASDAQ,USA
1065.0,GREE,3.08,NASDAQ,USA
1066.0,TNXP,1.69,NASDAQ,USA
1067.0,ZYNE,0.33,NASDAQ,USA
1068.0,EKSO,1.20,NASDAQ,USA
1069.0,UGRO,1.35,NASDAQ,USA
1070.0,PEV,0.75,NASDAQ,USA
1071.0,DS,6.61,TSE,CAD
1072.0,ASPI,0.41,NASDAQ,USA
1073.0,ACOR,12.81,NASDAQ,USA
1074.0,BFRI,0.59,NASDAQ,USA
1075.0,NOGN,1.25,NASDAQ,USA
1076.0,KINS,1.35,NASDAQ,USA
1077.0,AEZS,2.76,NASDAQ,USA
1078.0,CARV,2.95,NASDAQ,USA
1079.0,JAGX,0.48,NASDAQ,USA
1080.0,PXMD,0.78,NASDAQ,USA
1081.0,ACRX,1.09,NASDAQ,USA
1082.0,LIPO,2.13,NASDAQ,USA
1083.0,DGLY,4.42,NASDAQ,USA
1084.0,MNPR,0.86,NASDAQ,USA
1085.0,MGAM,0.56,NASDAQ,USA
1086.0,SIDU,0.21,NASDAQ,USA
1087.0,CYCN,4.55,NASDAQ,USA
1088.0,BLBX,3.11,NASDAQ,USA
1089.0,HSCS,0.98,NASDAQ,USA
1090.0,FRGT,0.81,NASDAQ,USA
1091.0,AYTU,1.74,NASDAQ,USA
1092.0,HALL,4.73,NASDAQ,USA
1093.0,DFFN,3.65,NASDAQ,USA
1094.0,ADIL,0.23,NASDAQ,USA
1095.0,AVGR,0.63,NASDAQ,USA
1096.0,QNRX,0.64,NASDAQ,USA
1097.0,ADMP,1.90,NASDAQ,USA
1098.0,ATNF,1.14,NASDAQ,USA
1099.0,ASNS,3.06,NASDAQ,USA
1100.0,SNOA,1.13,NASDAQ,USA
1101.0,HSDT,0.19,NASDAQ,USA
1102.0,EFOI,2.05,NASDAQ,USA
1103.0,EVOK,1.57,NASDAQ,USA
1104.0,PIK,0.62,NASDAQ,USA
1105.0,PTPI,2.11,NASDAQ,USA
1106.0,KERN,0.62,NASDAQ,USA
1107.0,OBLG,1.51,NASDAQ,USA
1108.0,EDBL,1.28,NASDAQ,USA
1109.0,JAN,1.01,NASDAQ,USA
1110.0,BXRX,0.54,NASDAQ,USA
1111.0,GROM,0.38,NASDAQ,USA
1112.0,BIOC,1.72,NASDAQ,USA
1113.0,CNXA,0.19,NASDAQ,USA
1114.0,BIOL,0.077,NASDAQ,USA
1115.0,ENGH,32.90,TSE,CAD
1116.0,RY,94.69,NYSE,USA
1117.0,TD,79.75,TSE,CAD
1118.0,SHOP,83.16,TSE,CAD
1119.0,CP,79.33,NYSE,USA
1120.0,BMO,117.52,TSE,CAD
1121.0,TRI,170.07,TSE,CAD
1122.0,BNS,64.58,TSE,CAD
1123.0,CNQ,71.98,TSE,CAD
1124.0,BCE,59.33,TSE,CAD
1125.0,TRP,53.51,TSE,CAD
1126.0,CM,56.59,TSE,CAD
1127.0,SU,39.00,TSE,CAD
1128.0,MFC,24.62,TSE,CAD
1129.0,QSR,100.10,TSE,CAD
1130.0,CVE,22.15,TSE,CAD
1131.0,SLF,66.57,TSE,CAD
1132.0,NTR,79.66,TSE,CAD
1133.0,IMO,65.72,TSE,CAD
1134.0,GOLD,1.19,TSE,CAD
1135.0,FNV,181.37,TSE,CAD
1136.0,GIB,102.81,NYSE,USA
1137.0,AEM,64.67,TSE,CAD
1138.0,FTS,42.86,NYSE,USA
1139.0,WPM,56.18,TSE,CAD
1140.0,MGA,55.28,NYSE,USA
1141.0,CCJ,31.35,NYSE,USA
1142.0,GFL,48.95,TSE,CAD
1143.0,BAM,42.73,TSE,CAD
1144.0,OTEX,40.58,NASDAQ,USA
1145.0,RBA,76.24,TSE,CAD
1146.0,STN,83.38,TSE,CAD
1147.0,CAE,28.99,TSE,CAD
1148.0,WFG,108.70,TSE,CAD
1149.0,BLCO,25.61,TSE,CAD
1150.0,FSV,143.01,NASDAQ,USA
1151.0,AQN,11.15,TSE,CAD
1152.0,GIL,30.46,NYSE,USA
1153.0,PAAS,18.94,TSE,CAD
1154.0,ATS,63.25,TSE,CAD
1155.0,TIXT,14.75,NYSE,USA
1156.0,SGML,38.69,NASDAQ,USA
1157.0,CIGI,123.20,TSE,CAD
1158.0,NVEI,35.15,TSE,CAD
1159.0,ERF,14.33,NYSE,USA
1160.0,BB,4.83,NYSE,USA
1161.0,SSRM,18.35,TSE,CAD
1162.0,OR,19.83,TSE,CAD
1163.0,BHC,7.37,NYSE,USA
1164.0,TFPM,17.41,TSE,CAD
1165.0,TAC,9.66,NYSE,USA
1166.0,LSPD,20.48,TSE,CAD
1167.0,TCN,8.61,NYSE,USA
1168.0,NXE,6.20,TSE,CAD
1169.0,ERO,27.27,TSE,CAD
1170.0,BLU,19.35,TSE,CAD
1171.0,GOOS,16.24,NYSE,USA
1172.0,AG,5.35,NYSE,USA
1173.0,CGAU,6.00,NYSE,USA
1174.0,DCBO,37.08,NASDAQ,USA
1175.0,IAG,91.36,TSE,CAD
1176.0,MAG,14.80,TSE,CAD
1177.0,ASTL,7.66,NASDAQ,USA
1178.0,NGD,1.37,TSE,CAD
1179.0,CRON,1.83,NASDAQ,USA
1180.0,MERC,8.50,NASDAQ,USA
1181.0,HUT,2.76,NASDAQ,USA
1182.0,ZYME,8.18,NASDAQ,USA
1183.0,RPTX,11.58,NASDAQ,USA
1184.0,NOA,26.50,TSE,CAD
1185.0,SKE,4.86,NYSE,USA
1186.0,TSAT,12.00,TSE,CAD
1187.0,MUX,9.33,TSE,CAD
1188.0,BITF,1.86,TSE,CAD
1189.0,REAX,2.45,TSE,CAD
1190.0,WRN,2.10,TSE,CAD
1191.0,CIO,5.34,NYSE,USA
1192.0,UROY,2.07,NASDAQ,USA
1193.0,ACB,0.56,NASDAQ,USA
1194.0,ALYA,2.23,TSE,CAD
1195.0,ZTEK,1.64,NASDAQ,USA
1196.0,SANG,3.94,NASDAQ,USA
1197.0,WPRT,7.96,NASDAQ,USA
1198.0,EPIX,3.05,NASDAQ,USA
1199.0,PYR,1.00,TSE,CAD
1200.0,OGI,0.41,NASDAQ,USA
1201.0,ONCY,2.16,NASDAQ,USA
1202.0,ACHV,6.13,NASDAQ,USA
1203.0,VOXR,2.36,NASDAQ,USA
1204.0,AZ,2.92,NASDAQ,USA
1205.0,SOLO,0.80,NASDAQ,USA
1206.0,ILLM,2.22,TSE,CAD
1207.0,THTX,0.89,NASDAQ,USA
1208.0,TMQ,0.73,TSE,CAD
1209.0,GP,2.71,NASDAQ,USA
1210.0,BRAG,4.20,TSE,CAD
1211.0,HEXO,0.91,TSE,CAD
1212.0,ACST,0.57,NASDAQ,USA
1213.0,AKU,0.35,TSE,CAD
1214.0,LSDI,1.17,NASDAQ,USA
1215.0,BRSH,0.33,NASDAQ,USA
1216.0,YVR,0.16,NASDAQ,USA
,AAPL,183.96,NASDAQ,
,MSFT,333.56,NASDAQ,
,GOOG,121.26,NASDAQ,
,AMZN,124.83,NASDAQ,
,NVDA,430.45,NASDAQ,
,TSLA,259.46,NASDAQ,
,META,281.64,NASDAQ,
,V,227.25,NYSE,
,UNH,476.75,NYSE,
,LLY,453.00,NYSE,
,JNJ,163.88,NYSE,
,JPM,142.32,NYSE,
,XOM,103.87,NYSE,
,WMT,154.46,NYSE,
,AVGO,847.66,NASDAQ,
,MA,376.14,NYSE,
,PG,149.44,NYSE,
,ORCL,122.10,NYSE,
,HD,300.70,NYSE,
,CVX,154.88,NYSE,
,MRK,111.16,NYSE,
,KO,61.43,NYSE,
,PEP,185.43,NASDAQ,
,ABBV,136.86,NYSE,
,COST,519.62,NASDAQ,
,BAC,28.57,NYSE,
,ADBE,477.48,NASDAQ,
,PFE,38.90,NYSE,
,MCD,294.52,NYSE,
,CRM,209.59,NYSE,
,CSCO,50.85,NASDAQ,
,TMO,525.95,NYSE,
,NFLX,424.45,NASDAQ,
,AMD,112.11,NASDAQ,
,ABT,106.25,NYSE,
,DHR,237.71,NYSE,
,CMCSA,40.62,NASDAQ,
,NKE,109.98,NYSE,
,DIS,88.64,NYSE,
,TXN,170.48,NASDAQ,
,TMUS,132.68,NASDAQ,
,WFC,19.10,TSE,
,UPS,173.63,NYSE,
,NEE,75.78,NYSE,
,VZ,35.83,NYSE,
,PM,96.35,NYSE,
,INTC,32.90,NASDAQ,
,MS,86.34,NYSE,
,RTX,99.07,NYSE,
,BMY,65.50,NYSE,
,QCOM,115.76,NASDAQ,
,HON,201.80,NASDAQ,
,BA,212.08,NYSE,
,INTU,450.53,NASDAQ,
,LOW,214.25,NYSE,
,AXP,167.92,NYSE,
,SPGI,389.11,NYSE,
,CAT,241.48,NYSE,
,COP,103.70,NYSE,
,IBM,133.69,NYSE,
,UNP,203.65,NYSE,
,AMGN,227.04,NASDAQ,
,DE,416.59,NYSE,
,AMAT,136.67,NASDAQ,
,SBUX,101.87,NASDAQ,
,LMT,466.04,NYSE,
,ISRG,323.74,NASDAQ,
,NOW,546.80,NYSE,
,GE,105.05,NYSE,
,SYK,297.57,NYSE,
,T,25.48,TSE,
,PLD,120.69,NYSE,
,GS,325.07,NYSE,
,ELV,19.26,TSE,
,BLK,689.04,NYSE,
,MDLZ,73.14,NASDAQ,
,SCHW,53.97,NYSE,
,BKNG,"2,643.80",NASDAQ,
,GILD,77.61,NASDAQ,
,ADI,185.44,NASDAQ,
,C,47.41,NYSE,
,TJX,80.87,NYSE,
,ADP,220.56,NASDAQ,
,MMC,181.18,NYSE,
,AMT,189.34,NYSE,
,VRTX,343.28,NASDAQ,
,CVS,68.77,NYSE,
,REGN,778.77,NASDAQ,
,UBER,42.66,NYSE,
,LRCX,605.80,NASDAQ,
,CI,273.83,NYSE,
,ABNB,127.46,NASDAQ,
,HCA,20.49,TSE,
,ZTS,169.88,NYSE,
,BSX,0.065,TSE,
,MO,43.95,NYSE,
,PYPL,68.19,NASDAQ,
,SO,71.64,NYSE,
,PGR,130.60,NYSE,
,ITW,244.93,NYSE,
,PANW,238.92,NASDAQ,
,FI,120.03,NYSE,
,MU,65.80,NASDAQ,
,EQIX,768.00,NASDAQ,
,BDX,257.31,NYSE,
,EL,194.75,NYSE,
,DUK,91.65,NYSE,
,NOC,462.47,NYSE,
,SLB,47.76,NYSE,
,WM,0.14,TSE,
,CSX,33.13,NASDAQ,
,SNPS,426.34,NASDAQ,
,CME,181.60,NASDAQ,
,BX,89.13,NYSE,
,EOG,110.87,NYSE,
,CL,77.62,NYSE,
,ATVI,80.94,NASDAQ,
,APD,289.14,NYSE,
,SHW,247.28,NYSE,
,KLAC,456.43,NASDAQ,
,KKR,55.78,NYSE,
,CDNS,228.01,NASDAQ,
,ICE,3.62,TSE,
,MCO,338.54,NYSE,
,TGT,133.22,NYSE,
,MNST,58.41,NASDAQ,
,VMW,137.75,NYSE,
,GD,217.53,NYSE,
,WDAY,219.83,NASDAQ,
,SNOW,173.39,NYSE,
,FDX,225.84,NYSE,
,F,14.02,NYSE,
,EPD,26.21,NYSE,
,SCCO,73.28,NYSE,
,CMG,6.65,TSE,
,FCX,39.77,NYSE,
,MMM,101.47,NYSE,
,FTNT,71.11,NASDAQ,
,ORLY,937.93,NASDAQ,
,HUM,22.78,TSE,
,EW,91.09,NYSE,
,MCK,414.46,NYSE,
,HSY,258.89,NYSE,
,MRVL,58.85,NASDAQ,
,GM,37.01,NYSE,
,USB,21.65,TSE,
,ECL,180.77,NYSE,
,OXY,57.47,NYSE,
,PNC,126.66,NYSE,
,PSA,50.15,TSE,
,NSC,220.79,NYSE,
,CHTR,328.78,NASDAQ,
,KVUE,26.20,NYSE,
,EMR,87.45,NYSE,
,CTAS,486.50,NASDAQ,
,CCI,112.16,NYSE,
,ROP,456.33,NYSE,
,APH,81.37,NYSE,
,PH,374.25,NYSE,
,MPC,6.01,TSE,
,ANET,151.51,NYSE,
,GIS,81.38,NYSE,
,MRNA,121.07,NASDAQ,
,PXD,203.27,NYSE,
,MSI,281.16,NYSE,
,SRE,148.50,NYSE,
,RSG,146.36,NYSE,
,MCHP,82.96,NASDAQ,
,KMB,138.15,NYSE,
,AJG,212.97,NYSE,
,ADSK,207.98,NASDAQ,
,TDG,847.97,NYSE,
,KHC,36.07,NASDAQ,
,LVS,58.32,NYSE,
,KDP,31.74,NASDAQ,
,STZ,246.28,NYSE,
,AZO,"2,446.28",NYSE,
,D,53.29,NYSE,
,AEP,85.45,NASDAQ,
,APO,76.41,NYSE,
,PSX,93.28,NYSE,
,BIIB,294.36,NASDAQ,
,CPRT,89.01,NASDAQ,
,TFC,31.50,NYSE,
,MET,54.55,NYSE,
,COF,108.28,NYSE,
,SPG,0.38,TSE,
,AFL,67.53,NYSE,
,HES,133.08,NYSE,
,PCAR,78.52,NASDAQ,
,O,59.61,NYSE,
,AIG,56.46,NYSE,
,TRV,175.29,NYSE,
,EXC,40.91,NASDAQ,
,PAYX,112.86,NASDAQ,
,SQ,65.46,NYSE,
,DHI,118.96,NYSE,
,ADM,73.46,NYSE,
,CTVA,58.57,NYSE,
,VLO,111.62,NYSE,
,ET,11.50,TSE,
,IDXX,485.82,NASDAQ,
,IQV,213.83,NYSE,
,CARR,48.22,NYSE,
,PCG,17.28,NYSE,
,WELL,4.92,TSE,
,ON,88.07,NASDAQ,
,YUM,136.74,NYSE,
,MSCI,474.65,NYSE,
,NUE,151.90,NYSE,
,KMI,16.64,NYSE,
,WMB,30.82,NYSE,
,ABC,185.83,NYSE,
,SGEN,198.63,NASDAQ,
,LHX,196.38,NYSE,
,TTD,76.46,NASDAQ,
,HLT,141.15,NYSE,
,SYY,72.60,NYSE,
,DOW,51.88,NYSE,
,GWW,742.10,NYSE,
,ROST,107.24,NASDAQ,
,ROK,320.75,NYSE,
,DG,167.05,NYSE,
,CNC,66.01,NYSE,
,CRWD,143.85,NASDAQ,
,OTIS,87.00,NYSE,
,DELL,50.06,NYSE,
,GEHC,79.62,NASDAQ,
,AME,156.57,NYSE,
,WCN,180.03,TSE,
,ODFL,326.65,NASDAQ,
,BK,13.19,TSE,
,A,118.33,NYSE,
,CSGP,87.58,NASDAQ,
,XEL,62.81,NASDAQ,
,LEN,121.65,NYSE,
,EA,124.57,NASDAQ,
,NEM,42.58,NYSE,
,GFS,59.44,NASDAQ,
,AMP,321.30,NYSE,
,MPLX,33.58,NYSE,
,IBKR,79.87,NASDAQ,
,PLTR,14.64,NYSE,
,PPG,142.34,NYSE,
,CMI,233.25,NYSE,
,KR,45.68,NYSE,
,CTSH,63.18,NASDAQ,
,VRSK,227.22,NASDAQ,
,VEEV,202.68,NYSE,
,FAST,57.64,NASDAQ,
,FIS,53.62,NYSE,
,VICI,31.14,NYSE,
,ILMN,199.87,NASDAQ,
,ED,92.92,NYSE,
,RMD,216.75,NYSE,
,DD,68.42,NYSE,
,DLR,13.52,TSE,
,DDOG,91.94,NASDAQ,
,PRU,1.54,TSE,
,DVN,48.94,NYSE,
,PEG,62.58,NYSE,
,BKR,30.49,NASDAQ,
,ZBH,142.89,NYSE,
,DLTR,142.77,NASDAQ,
,CEG,90.50,NASDAQ,
,HPQ,29.85,NYSE,
,GLW,34.42,NYSE,
,WBD,12.37,NASDAQ,
,DFS,116.30,NYSE,
,LYB,89.44,NYSE,
,KEYS,161.16,NYSE,
,AWK,148.64,NYSE,
,ANSS,325.05,NASDAQ,
,ALL,107.73,NYSE,
,HAL,18.82,TSE,
,WEC,90.69,NYSE,
,DASH,72.91,NYSE,
,MTD,"1,291.92",NYSE,
,SYM,45.79,NASDAQ,
,URI,414.06,NYSE,
,WBA,31.56,NASDAQ,
,IT,350.45,NYSE,
,EFX,8.18,TSE,
,VMC,210.57,NYSE,
,DAL,42.79,NYSE,
,ALB,230.38,NYSE,
,WST,368.90,NYSE,
,XYL,113.53,NYSE,
,AVB,189.38,NYSE,
,PWR,190.94,NYSE,
,MDB,372.96,NASDAQ,
,MLM,431.91,NYSE,
,OKE,59.08,NYSE,
,GPN,99.66,NYSE,
,EIX,69.73,NYSE,
,HUBS,507.72,NYSE,
,RBLX,38.60,NYSE,
,ALGN,330.71,NASDAQ,
,NDAQ,50.56,NASDAQ,
,TROW,110.24,NASDAQ,
,FTV,71.22,NYSE,
,ALNY,203.90,NASDAQ,
,EQR,65.51,NYSE,
,MKC,29.30,TSE,
,RCL,97.35,NYSE,
,ES,71.23,NYSE,
,STT,73.03,NYSE,
,SBAC,221.19,NASDAQ,
,MPWR,505.08,NASDAQ,
,EBAY,44.10,NASDAQ,
,CBRE,76.72,NYSE,
,CDW,176.72,NASDAQ,
,TSCO,220.46,NASDAQ,
,UDR,42.45,NYSE,
,ENPH,167.99,NASDAQ,
,TTWO,140.46,NASDAQ,
,DTE,113.62,NYSE,
,CAH,91.99,NYSE,
,VRSN,220.36,NASDAQ,
,CHD,96.35,NYSE,
,FANG,127.67,NASDAQ,
,WY,30.90,NYSE,
,BAX,44.84,NYSE,
,FE,39.45,NYSE,
,K,6.14,TSE,
,GPC,161.47,NYSE,
,NET,63.99,NYSE,
,HRL,40.68,NYSE,
,ULTA,450.19,NASDAQ,
,HPE,16.82,NYSE,
,HIG,8.50,TSE,
,AEE,83.20,NYSE,
,ZS,144.85,NASDAQ,
,INVH,34.18,NYSE,
,ETR,100.59,NYSE,
,ZM,66.93,NASDAQ,
,RJF,99.85,NYSE,
,CCL,15.89,NYSE,
,LUV,34.35,NYSE,
,LH,232.98,NYSE,
,LYV,88.65,NYSE,
,EXR,146.01,NYSE,
,MTB,122.15,NYSE,
,HOLX,81.43,NASDAQ,
,HEI,172.19,NYSE,
,IFF,78.16,NYSE,
,ROL,41.22,NYSE,
,PODD,289.08,NASDAQ,
,DOV,144.25,NYSE,
,DRI,166.41,NYSE,
,FICO,790.50,NYSE,
,FSLR,184.58,NASDAQ,
,ARE,12.81,TSE,
,PPL,40.78,TSE,
,NVR,"6,025.40",NYSE,
,HWM,47.16,NYSE,
,CLX,156.25,NYSE,
,TDY,401.94,NYSE,
,BRO,66.40,NYSE,
,BR,1.90,TSE,
,OMC,94.50,NYSE,
,PAYC,312.44,NYSE,
,CTRA,24.42,NYSE,
,MAA,151.71,NYSE,
,FCNCA,"1,252.17",NASDAQ,
,CNP,29.43,NYSE,
,WAB,103.42,NYSE,
,COO,370.71,NYSE,
,VTR,44.96,NYSE,
,FITB,26.50,NASDAQ,
,JBHT,176.36,NASDAQ,
,FWONK,77.31,NASDAQ,
,FLT,243.03,NYSE,
,BMRN,96.34,NASDAQ,
,RKT,8.83,NYSE,
,MKL,"1,337.07",NYSE,
,SPLK,104.44,NASDAQ,
,PFG,73.14,NASDAQ,
,TSN,50.47,NYSE,
,EXPD,115.72,NASDAQ,
,BALL,55.49,NYSE,
,CMS,60.35,NYSE,
,UWMC,5.72,NYSE,
,SUI,132.03,NYSE,
,UAL,52.85,NASDAQ,
,PINS,24.90,NYSE,
,HUBB,322.77,NYSE,
,BBY,79.02,NYSE,
,SWKS,104.26,NASDAQ,
,STLD,102.11,NASDAQ,
,EXAS,89.78,NASDAQ,
,SNAP,10.23,NYSE,
,TER,106.89,NASDAQ,
,PTC,141.96,NASDAQ,
,RF,17.69,NYSE,
,ATO,117.58,NYSE,
,PHM,75.75,NYSE,
,TW,69.42,NASDAQ,
,LW,113.36,NYSE,
,TYL,392.19,NYSE,
,LPLA,210.63,NASDAQ,
,CHWY,38.20,NYSE,
,CAG,34.39,NYSE,
,OWL,11.30,NYSE,
,FOX,31.03,NASDAQ,
,MOH,283.00,NYSE,
,BLDR,25.77,TSE,
,IRM,55.55,NYSE,
,FDS,423.34,NYSE,
,SJM,152.49,NYSE,
,ENTG,104.64,NASDAQ,
,TRGP,71.95,NYSE,
,EXPE,105.01,NASDAQ,
,MGM,42.93,NYSE,
,ESS,232.68,NYSE,
,CINF,23.23,TSE,
,BSY,52.58,NASDAQ,
,WAT,264.48,NYSE,
,IEX,206.67,NYSE,
,HBAN,10.64,NASDAQ,
,NTAP,72.65,NASDAQ,
,DGX,138.66,NYSE,
,NTRS,72.95,NASDAQ,
,WRB,58.89,NYSE,
,IPG,39.55,NYSE,
,U,38.36,NYSE,
,AXON,197.54,NASDAQ,
,SSNC,59.08,NASDAQ,
,IOT,27.32,NYSE,
,RS,14.48,TSE,
,DT,50.80,NYSE,
,RIVN,14.62,NASDAQ,
,WPC,68.25,NYSE,
,AGR,38.27,NYSE,
,J,114.98,NYSE,
,SIRI,3.66,NASDAQ,
,AMH,34.93,NYSE,
,LKQ,54.98,NASDAQ,
,PKI,33.23,TSE,
,TRU,73.99,NYSE,
,SNA,272.88,NYSE,
,TAP,66.54,NYSE,
,BAH,109.52,NYSE,
,ZBRA,270.88,NASDAQ,
,EQT,39.78,NYSE,
,WLK,111.71,NYSE,
,GGG,84.96,NYSE,
,MRO,23.04,NYSE,
,BG,91.82,NYSE,
,AES,20.98,NYSE,
,JBL,105.12,NYSE,
,SYF,32.81,NYSE,
,CF,8.28,TSE,
,WSO,362.02,NYSE,
,AKAM,88.07,NASDAQ,
,POOL,356.74,NASDAQ,
,INCY,61.89,NASDAQ,
,SWK,88.58,NYSE,
,WMG,26.44,NASDAQ,
,CPB,45.68,NYSE,
,AVY,169.79,NYSE,
,EVRG,59.01,NASDAQ,
,NDSN,236.36,NASDAQ,
,COIN,58.10,NASDAQ,
,ELS,67.89,NYSE,
,TXT,66.56,NYSE,
,LNT,53.27,NASDAQ,
,DECK,510.14,NYSE,
,AVTR,19.71,NYSE,
,L,114.77,TSE,
,BEN,26.13,NYSE,
,FMC,108.86,NYSE,
,CFG,26.94,NYSE,
,LEGN,73.99,NASDAQ,
,PEN,336.37,NYSE,
,GLPI,48.71,NASDAQ,
,TRMB,50.67,NASDAQ,
,EPAM,215.70,NYSE,
,LCID,6.05,NASDAQ,
,DXCM,127.86,NASDAQ,
,MAS,56.17,NYSE,
,WDC,38.42,NASDAQ,
,KMX,78.30,NYSE,
,TWLO,64.43,NYSE,
,ACI,21.43,NYSE,
,SRPT,126.87,NASDAQ,
,VTRS,10.11,NASDAQ,
,CSL,241.70,NYSE,
,TECH,10.58,TSE,
,WYNN,106.35,NASDAQ,
,LSCC,85.24,NASDAQ,
,ACM,86.56,NYSE,
,MMP,59.81,NYSE,
,JKHY,164.27,NASDAQ,
,KIM,19.10,NYSE,
,CPT,110.95,NYSE,
,OKTA,70.35,NASDAQ,
,GEN,18.23,NASDAQ,
,BILL,108.63,NYSE,
,TFX,244.89,NYSE,
,ETSY,94.63,NASDAQ,
,MANH,189.71,NASDAQ,
,PKG,131.66,NYSE,
,CE,108.52,NYSE,
,HST,16.64,NASDAQ,
,MTCH,41.01,NASDAQ,
,DKS,136.49,NYSE,
,LDOS,86.47,NYSE,
,SMCI,219.91,NASDAQ,
,DOX,95.58,NASDAQ,
,H,36.95,TSE,
,MOS,35.50,NYSE,
,DPZ,323.11,NYSE,
,TOST,21.29,NYSE,
,DKNG,24.95,NASDAQ,
,PSTG,36.10,NYSE,
,CG,7.90,TSE,
,GDDY,72.53,NYSE,
,OC,124.77,NYSE,
,NI,27.50,NYSE,
,ZI,23.97,NASDAQ,
,LECO,195.07,NASDAQ,
,RYAN,42.97,NYSE,
,Z,48.71,NASDAQ,
,LSI,130.38,NYSE,
,LII,313.56,NYSE,
,BRKR,73.80,NASDAQ,
,ERIE,212.87,NASDAQ,
,PEAK,19.87,NYSE,
,NWS,19.50,NASDAQ,
,REXR,53.04,NYSE,
,SWAV,296.26,NASDAQ,
,XM,18.08,NASDAQ,
,IP,31.12,NYSE,
,UI,172.85,NYSE,
,WTRG,40.94,NYSE,
,BWA,46.31,NYSE,
,CELH,140.47,NASDAQ,
,CHK,81.86,NASDAQ,
,AZPN,165.68,NASDAQ,
,CHRW,93.42,NASDAQ,
,LBRDA,72.60,NASDAQ,
,FIVE,194.77,NASDAQ,
,BIO,366.47,NYSE,
,RPM,83.29,NYSE,
,CRL,206.31,NYSE,
,CRBG,16.41,NYSE,
,AAL,16.30,NASDAQ,
,PAG,156.25,NYSE,
,CZR,48.43,NASDAQ,
,CCK,86.98,NYSE,
,ARMK,40.45,NYSE,
,AOS,69.85,NYSE,
,DOCU,50.70,NASDAQ,
,PCTY,181.64,NASDAQ,
,IEP,27.33,NASDAQ,
,UTHR,223.07,NASDAQ,
,UHS,149.75,NYSE,
,CDAY,86.54,TSE,
,REG,59.64,NASDAQ,
,COTY,12.48,NYSE,
,CNA,38.43,NYSE,
,MKTX,266.90,NASDAQ,
,APA,34.21,NASDAQ,
,PARA,15.74,NASDAQ,
,APLS,87.44,NASDAQ,
,TPL,"1,331.00",NYSE,
,FND,96.18,NYSE,
,HSIC,79.68,NASDAQ,
,GL,106.84,NYSE,
,QRVO,100.80,NASDAQ,
,NLY,20.60,NYSE,
,CHDN,134.61,NASDAQ,
,JNPR,30.80,NYSE,
,RRX,151.81,NYSE,
,TTC,97.79,NYSE,
,ARCC,18.59,NASDAQ,
,CUBE,45.06,NYSE,
,TPR,43.22,NYSE,
,LSXMB,27.99,NASDAQ,
,SCI,65.68,NYSE,
,OVV,48.45,TSE,
,CFLT,34.72,NASDAQ,
,AGCO,134.73,NYSE,
,USFD,42.12,NYSE,
,AFG,116.23,NYSE,
,PATH,16.42,NYSE,
,BURL,149.21,NYSE,
,LAMR,94.58,NASDAQ,
,DAR,59.72,NYSE,
,RGA,143.22,NYSE,
,WSC,47.62,NASDAQ,
,ROKU,64.52,NASDAQ,
,EMN,79.41,NYSE,
,UHAL,53.43,NYSE,
,MTN,247.03,NYSE,
,CGNX,54.01,NASDAQ,
,NBIX,98.61,NASDAQ,
,FNF,34.77,NYSE,
,PNW,83.12,NYSE,
,EQH,26.22,NYSE,
,PAA,13.52,NASDAQ,
,VST,25.15,NYSE,
,PCOR,17.83,TSE,
,KEY,30.11,TSE,
,TPG,29.00,NASDAQ,
,BKI,0.080,TSE,
,INSP,308.99,NYSE,
,SNX,96.16,NYSE,
,DBX,25.75,NASDAQ,
,HOOD,9.76,NASDAQ,
,FFIV,145.66,NASDAQ,
,UNM,45.60,NYSE,
,CAR,219.71,NASDAQ,
,KRTX,239.08,NASDAQ,
,BBWI,38.56,NYSE,
,DVA,97.68,NYSE,
,WMS,114.21,NYSE,
,VRT,22.97,NYSE,
,KBR,65.29,NYSE,
,WCC,173.39,NYSE,
,HII,219.68,NYSE,
,DCP,15.90,TSE,
,MASI,163.10,NASDAQ,
,MORN,201.77,NASDAQ,
,MTZ,113.20,NYSE,
,COLD,31.92,NYSE,
,TTEK,164.02,NASDAQ,
,KNX,53.90,NYSE,
,PFGC,56.22,NYSE,
,CLH,159.54,NYSE,
,DINO,44.54,NYSE,
,FBIN,67.74,NYSE,
,HAS,60.20,NASDAQ,
,BXP,54.18,NYSE,
,CLF,16.56,TSE,
,LEA,141.10,NYSE,
,RGEN,149.44,NASDAQ,
,ALLY,27.44,NYSE,
,XRAY,38.97,NASDAQ,
,EME,177.92,NYSE,
,TOL,76.21,NYSE,
,KNSL,362.60,NYSE,
,BJ,61.21,NYSE,
,APP,23.35,NASDAQ,
,NCLH,19.22,NYSE,
,CASY,221.00,NASDAQ,
,SAIA,312.00,NASDAQ,
,CHE,546.42,NYSE,
,SOFI,8.63,NASDAQ,
,RL,123.65,NYSE,
,DLB,83.20,NYSE,
,WHR,144.66,NYSE,
,GNRC,131.52,NYSE,
,ALGM,41.18,NASDAQ,
,THC,78.95,NYSE,
,CTLT,43.49,NYSE,
,SEIC,58.49,NASDAQ,
,BLD,248.91,NYSE,
,WSM,120.97,NYSE,
,SKX,51.26,NYSE,
,ARW,137.07,NYSE,
,IRDM,61.48,NASDAQ,
,NYCB,10.68,NYSE,
,NNN,41.77,NYSE,
,NRG,33.88,NYSE,
,RHI,71.74,NYSE,
,MIDD,143.66,NASDAQ,
,COHR,46.87,NYSE,
,EGP,172.63,NYSE,
,VFC,19.13,NYSE,
,JEF,32.33,NYSE,
,LAD,279.85,NYSE,
,NATI,57.27,NASDAQ,
,ATR,113.62,NYSE,
,IVZ,16.51,NYSE,
,GPK,24.41,NYSE,
,GTLB,46.78,NASDAQ,
,WWE,101.31,NYSE,
,EWBC,51.69,NASDAQ,
,WEX,174.82,NYSE,
,GME,24.43,NYSE,
,BERY,63.22,NYSE,
,CACI,329.90,NYSE,
,RGLD,113.25,NASDAQ,
,OHI,30.74,NYSE,
,DCI,61.49,NYSE,
,RCM,16.95,NASDAQ,
,WRK,28.17,NYSE,
,OGE,36.58,NYSE,
,HR,18.64,NYSE,
,SITE,160.15,NYSE,
,ITT,88.44,NYSE,
,TXRH,109.30,NASDAQ,
,ORI,24.60,NYSE,
,AGL,17.07,NYSE,
,CFR,108.87,NYSE,
,GXO,61.51,NYSE,
,AXTA,32.02,NYSE,
,FR,7.04,TSE,
,MKSI,103.06,NASDAQ,
,JLL,147.49,NYSE,
,VOYA,71.29,NYSE,
,PRI,193.07,NYSE,
,WWD,117.20,NASDAQ,
,INGR,103.73,NYSE,
,LFUS,278.96,NASDAQ,
,BYD,247.82,TSE,
,RRC,29.00,NYSE,
,NTNX,28.39,NASDAQ,
,AIZ,131.34,NYSE,
,MEDP,220.44,NASDAQ,
,ST,44.54,NYSE,
,AN,151.68,NYSE,
,PII,119.17,NYSE,
,CCCS,10.72,NASDAQ,
,CW,178.69,NYSE,
,TXG,18.15,TSE,
,ACHC,74.78,NASDAQ,
,WBS,38.15,NYSE,
,OLED,139.13,NASDAQ,
,SPSC,182.17,NASDAQ,
,CNM,29.00,NYSE,
,LSTR,185.51,NASDAQ,
,EDR,3.68,TSE,
,AMKR,26.04,NASDAQ,
,TREX,60.06,NYSE,
,CROX,108.58,NASDAQ,
,STAG,35.60,NYSE,
,TPX,38.24,NYSE,
,FCN,192.66,NYSE,
,RMBS,59.06,NASDAQ,
,GNTX,27.76,NASDAQ,
,AR,0.56,TSE,
,EHC,65.45,NYSE,
,BRX,21.32,NYSE,
,GTLS,155.23,NYSE,
,CIEN,41.87,NYSE,
,MHK,100.68,NYSE,
,WOLF,50.51,NYSE,
,MAT,17.87,NASDAQ,
,HLI,94.03,NYSE,
,MSA,0.63,TSE,
,ESTC,63.96,NYSE,
,W,55.37,NYSE,
,LNTH,92.20,NASDAQ,
,RH,287.80,NYSE,
,FHN,11.60,NYSE,
,ALK,49.58,NYSE,
,OLN,48.32,NYSE,
,CACC,493.31,NASDAQ,
,IPGP,130.08,NASDAQ,
,BWXT,68.74,NYSE,
,MUSA,14.53,TSE,
,DV,37.87,NYSE,
,ITCI,66.43,NASDAQ,
,SF,59.33,NYSE,
,TKR,86.76,NYSE,
,CHRD,151.90,NASDAQ,
,DOCS,31.51,NYSE,
,STWD,19.44,NYSE,
,NYT,37.68,NYSE,
,EXEL,19.01,NASDAQ,
,DUOL,142.30,NASDAQ,
,NOVT,173.80,NASDAQ,
,COKE,664.00,NASDAQ,
,APPF,169.81,NASDAQ,
,ADC,65.19,NYSE,
,HXL,73.63,NYSE,
,AA,34.91,NYSE,
,EXP,174.57,NYSE,
,LNW,66.95,NASDAQ,
,NOV,15.65,NYSE,
,RBC,208.14,NYSE,
,PDCE,69.90,NASDAQ,
,CBSH,47.64,NASDAQ,
,AGNC,10.18,NASDAQ,
,APG,25.83,NYSE,
,VVV,36.35,NYSE,
,PLNT,67.25,NYSE,
,PLUG,9.88,NASDAQ,
,SWN,5.49,NYSE,
,VMI,299.56,NYSE,
,ALTR,73.24,NASDAQ,
,NTRA,52.68,NASDAQ,
,XPO,52.08,NYSE,
,MUR,38.32,NYSE,
,NFE,28.92,NASDAQ,
,BC,83.77,NYSE,
,RLI,131.81,NYSE,
,LEVI,14.71,NYSE,
,SIGI,98.19,NASDAQ,
,REYN,28.40,NASDAQ,
,WTS,177.76,NYSE,
,GMED,57.74,NYSE,
,IONS,41.27,NASDAQ,
,FAF,0.00,TSE,
,CWEN,29.76,NYSE,
,BMBL,17.50,NASDAQ,
,NXST,162.63,NASDAQ,
,QDEL,85.58,NASDAQ,
,WH,67.95,NYSE,
,SAIC,109.04,NYSE,
,TNET,97.26,NYSE,
,MTDR,50.17,NYSE,
,GWRE,69.03,NYSE,
,SON,58.58,NYSE,
,ELF,900.00,TSE,
,DXC,32.13,TSE,
,CHH,114.48,NYSE,
,BOKF,84.30,NASDAQ,
,SEE,38.93,NYSE,
,UGI,26.78,NYSE,
,FIX,164.35,NYSE,
,EEFT,112.43,NASDAQ,
,SSD,133.98,NYSE,
,WING,191.74,NASDAQ,
,UNVR,35.81,NYSE,
,SRC,39.04,NYSE,
,HTZ,17.64,NASDAQ,
,PR,8.02,TSE,
,UFPI,90.75,NASDAQ,
,BEPC,42.49,TSE,
,CMA,42.10,NYSE,
,CHX,28.26,NASDAQ,
,ADT,6.11,NYSE,
,HGTY,9.50,NYSE,
,CMC,47.62,NYSE,
,PB,58.44,NYSE,
,RHP,92.89,NYSE,
,OPCH,29.84,NASDAQ,
,ATKR,144.12,NYSE,
,NEP,61.49,NYSE,
,NVST,33.74,NYSE,
,POST,85.69,NYSE,
,MPW,8.93,NYSE,
,OSK,3.24,TSE,
,ACLS,165.86,NASDAQ,
,DDS,325.29,NYSE,
,FIVN,73.94,NASDAQ,
,HQY,62.90,NASDAQ,
,ISEE,38.95,NASDAQ,
,MSM,97.16,NYSE,
,CERE,33.07,NASDAQ,
,SMAR,38.02,NYSE,
,BFAM,92.02,NYSE,
,ORCC,13.71,NYSE,
,AMG,145.95,NYSE,
,OGN,20.79,NYSE,
,WK,98.77,NYSE,
,X,28.82,TSE,
,HCP,26.44,NASDAQ,
,FSK,18.76,NYSE,
,AM,11.04,NYSE,
,ENSG,93.52,NASDAQ,
,FOUR,44.05,TSE,
,AAON,100.05,NASDAQ,
,IDA,104.47,NYSE,
,INFA,17.80,NYSE,
,SSB,68.03,NASDAQ,
,ASAN,22.81,NYSE,
,SGRY,41.35,NASDAQ,
,AYI,163.64,NYSE,
,AIT,138.36,NYSE,
,CIVI,65.58,NYSE,
,IAC,61.01,NASDAQ,
,ONTO,105.92,NYSE,
,TDC,51.40,NYSE,
,MMS,85.79,NYSE,
,ATI,41.29,NYSE,
,FLO,24.47,NYSE,
,BECN,80.75,NASDAQ,
,PVH,82.06,NYSE,
,POWI,88.93,NASDAQ,
,EXPO,99.95,NASDAQ,
,OMF,42.80,NYSE,
,TMHC,47.43,NYSE,
,LANC,188.04,NASDAQ,
,MGY,20.08,NYSE,
,SLGN,46.24,NYSE,
,PPC,21.37,NASDAQ,
,THO,96.43,NYSE,
,CC,33.95,NYSE,
,ORA,9.69,TSE,
,ALIT,9.04,NYSE,
,HGV,45.54,NYSE,
,ELAN,9.99,NYSE,
,CWST,86.45,NASDAQ,
,PSN,48.20,NYSE,
,EXLS,150.06,NASDAQ,
,HRB,33.37,NYSE,
,PCVX,53.01,NASDAQ,
,PBF,40.43,NYSE,
,FRSH,16.31,NASDAQ,
,JOBY,6.86,NYSE,
,SLAB,151.26,NASDAQ,
,NSA,34.92,NYSE,
,AI,11.21,TSE,
,IMGN,19.21,NASDAQ,
,MTH,135.16,NYSE,
,HOG,9.84,TSE,
,VNT,31.27,NYSE,
,DNB,11.15,NYSE,
,VSAT,40.16,NASDAQ,
,ALSN,53.54,NYSE,
,LTHM,26.86,NYSE,
,ABG,226.48,NYSE,
,TRNO,58.19,NYSE,
,TENB,40.95,NASDAQ,
,BRBR,36.46,NYSE,
,MMSI,82.64,NASDAQ,
,NSIT,143.61,NASDAQ,
,QLYS,125.70,NASDAQ,
,NEWR,66.65,NYSE,
,SNDR,26.79,NYSE,
,AFRM,15.50,NASDAQ,
,FLS,36.64,NYSE,
,WEN,22.36,NASDAQ,
,COLM,76.16,NASDAQ,
,LPX,68.06,NYSE,
,HOMB,22.76,NYSE,
,FIZZ,49.72,NASDAQ,
,KRG,21.01,NYSE,
,NFG,51.40,NYSE,
,EVR,120.97,NYSE,
,ENLC,10.08,NYSE,
,NEOG,21.70,NASDAQ,
,DTM,48.23,NYSE,
,FLNC,25.98,NASDAQ,
,COLB,21.74,NASDAQ,
,VAC,125.09,NYSE,
,CWAN,15.58,NYSE,
,FELE,100.44,NASDAQ,
,NJR,47.90,NYSE,
,POR,47.89,NYSE,
,MLI,80.30,NYSE,
,SWX,62.84,NYSE,
,OZK,39.49,NASDAQ,
,ESI,2.03,TSE,
,NSP,120.33,NYSE,
,RYN,29.42,NYSE,
,HALO,36.12,NASDAQ,
,HUN,11.70,TSE,
,CR,5.22,TSE,
,AL,40.95,NYSE,
,ZWS,19.34,TSE,
,SNV,30.62,NYSE,
,MDGL,240.89,NASDAQ,
,S,0.50,TSE,
,RITM,9.33,NYSE,
,ASH,84.38,NYSE,
,ICUI,182.25,NASDAQ,
,MTG,15.30,NYSE,
,CNXC,81.99,NASDAQ,
,DRS,17.18,NASDAQ,
,BPOP,60.70,NASDAQ,
,KEX,74.51,NYSE,
,GATX,124.73,NYSE,
,PECO,32.87,NASDAQ,
,DEN,87.31,NYSE,
,PNFP,56.41,NASDAQ,
,MTSI,60.34,NASDAQ,
,AJRD,54.49,NYSE,
,IPAR,139.06,NASDAQ,
,BMI,150.95,NYSE,
,BCPC,133.64,NASDAQ,
,WU,11.51,NYSE,
,AVT,47.60,NASDAQ,
,DRVN,25.87,NASDAQ,
,GH,9.12,TSE,
,OGS,79.17,NYSE,
,GOCO,19.80,NASDAQ,
,SYNH,41.70,NASDAQ,
,DNLI,31.11,NASDAQ,
,WFRD,61.52,NASDAQ,
,M,15.45,NYSE,
,FCFS,93.61,NASDAQ,
,CAVA,38.34,NYSE,
,WTFC,69.81,NASDAQ,
,HAE,84.45,NYSE,
,FYBR,16.47,NASDAQ,
,SHC,15.00,NASDAQ,
,BOX,28.39,NYSE,
,SQSP,30.45,NYSE,
,CRUS,75.93,NASDAQ,
,FFIN,28.68,NASDAQ,
,LITE,55.80,NASDAQ,
,SRCL,45.06,NASDAQ,
,PEGA,48.70,NASDAQ,
,KBH,52.01,NYSE,
,DIOD,91.42,NASDAQ,
,MSGS,176.68,NYSE,
,UBSI,30.52,NASDAQ,
,FNB,11.50,NYSE,
,IRT,18.06,NYSE,
,HLNE,77.79,NASDAQ,
,ENS,15.07,TSE,
,CVNA,24.17,NYSE,
,VC,147.28,NASDAQ,
,PYCR,23.28,NASDAQ,
,AMN,103.04,NYSE,
,SHLS,24.97,NASDAQ,
,FLR,29.38,NYSE,
,VLY,7.97,NASDAQ,
,PCH,51.90,NASDAQ,
,CNMD,133.39,NYSE,
,MDU,20.38,NYSE,
,ZION,27.95,NASDAQ,
,LNC,24.51,NYSE,
,FOXF,98.87,NASDAQ,
,BRZE,40.03,NASDAQ,
,HE,36.89,NYSE,
,BKH,61.34,NYSE,
,AMC,3.20,TSE,
,STR,26.20,NYSE,
,TDOC,17.10,TSE,
,AZEK,27.61,NYSE,
,THG,113.88,NYSE,
,ACT,24.98,NASDAQ,
,WAL,36.60,NYSE,
,MSTR,331.31,NASDAQ,
,VNOM,25.39,NASDAQ,
,RUN,18.65,NASDAQ,
,AEIS,106.35,NASDAQ,
,AAP,68.72,NYSE,
,ETRN,9.57,NYSE,
,BDC,94.53,NYSE,
,LEG,30.14,NYSE,
,SUM,34.16,NYSE,
,ONB,13.51,NASDAQ,
,SAM,0.14,TSE,
,SLM,16.47,NASDAQ,
,MP,21.88,NYSE,
,RDN,25.04,NYSE,
,CXM,13.68,NYSE,
,DNA,1.77,NYSE,
,PNM,45.79,NYSE,
,VSH,27.90,NYSE,
,JBT,121.43,NYSE,
,TEX,57.36,NYSE,
,ESAB,65.31,NYSE,
,MAN,77.71,NYSE,
,ACAD,24.09,NASDAQ,
,BPMC,63.66,NASDAQ,
,NEU,399.80,NYSE,
,NTLA,41.85,NASDAQ,
,BLKB,70.18,NASDAQ,
,ARWR,35.53,NASDAQ,
,GT,13.39,NASDAQ,
,DOCN,41.38,NYSE,
,GBCI,32.22,NYSE,
,R,81.98,NYSE,
,PENN,24.27,NASDAQ,
,SPXC,83.39,NYSE,
,PWSC,19.05,NYSE,
,APPN,48.27,NASDAQ,
,SEM,30.30,NYSE,
,CADE,20.33,NYSE,
,FSS,63.00,NYSE,
,AXSM,88.56,NASDAQ,
,CBT,66.40,NYSE,
,CABO,638.75,NYSE,
,ASO,48.98,NASDAQ,
,LTH,18.82,NYSE,
,HHC,74.95,NYSE,
,SUN,43.80,NYSE,
,AB,32.47,NYSE,
,GTES,13.15,NYSE,
,HRI,131.60,NYSE,
,NNI,98.43,NYSE,
,YOU,23.54,NYSE,
,LYFT,9.72,NASDAQ,
,FOLD,12.73,NASDAQ,
,SEAS,57.29,NYSE,
,SMPL,36.64,NASDAQ,
,PGNY,38.25,NASDAQ,
,IBP,129.32,NYSE,
,EPRT,23.83,NYSE,
,TGTX,23.80,NASDAQ,
,AVNT,0.14,TSE,
,OLLI,59.43,NASDAQ,
,HI,51.59,NYSE,
,INST,24.12,NYSE,
,KRC,30.04,NYSE,
,SKY,63.42,NYSE,
,TGNA,15.86,NYSE,
,TFSL,12.56,NASDAQ,
,RARE,52.15,NASDAQ,
,ACA,74.90,NYSE,
,FLYW,32.04,NASDAQ,
,MODG,19.24,NYSE,
,DISH,6.35,NASDAQ,
,BE,16.50,NYSE,
,CRCT,16.69,NASDAQ,
,DOC,13.87,NYSE,
,ASGN,70.90,NYSE,
,RETA,95.76,NASDAQ,
,NCR,24.69,NYSE,
,NWE,58.61,NASDAQ,
,FUL,64.33,NYSE,
,LFST,9.09,NASDAQ,
,HP,34.09,NYSE,
,FOCS,52.50,NASDAQ,
,PFSI,69.39,NYSE,
,ALE,59.98,NYSE,
,SDGR,47.08,NASDAQ,
,SANM,58.62,NASDAQ,
,BXMT,20.17,NYSE,
,NWL,8.10,NASDAQ,
,SR,63.93,NYSE,
,TWNK,25.84,NASDAQ,
,GEF,67.63,NYSE,
,SFM,33.19,NASDAQ,
,CYTK,36.12,NASDAQ,
,APLE,14.74,NYSE,
,VIRT,18.44,NASDAQ,
,EPR,44.38,NYSE,
,GOLF,51.23,NYSE,
,KWR,192.25,NYSE,
,GPI,244.29,NYSE,
,FHI,11.50,TSE,
,HWC,38.47,NASDAQ,
,SM,29.76,NYSE,
,PAGP,14.11,NASDAQ,
,NCNO,29.46,NASDAQ,
,CRVL,196.58,NASDAQ,
,RELY,18.58,NASDAQ,
,NARI,59.13,NASDAQ,
,BSM,16.05,NYSE,
,CALX,49.47,NYSE,
,BCO,71.25,NYSE,
,IART,40.74,NASDAQ,
,VIR,24.92,NASDAQ,
,SAGE,55.22,NASDAQ,
,SYNA,82.09,NASDAQ,
,OMCL,70.80,NASDAQ,
,COOP,49.05,NASDAQ,
,RUSHA,59.47,NASDAQ,
,QS,7.06,NYSE,
,GPS,9.16,NYSE,
,CUZ,21.50,NYSE,
,SMG,58.75,NYSE,
,PINC,17.72,TSE,
,MRVI,13.18,NASDAQ,
,ITRI,71.33,NASDAQ,
,PACB,12.63,NASDAQ,
,ENOV,60.36,NYSE,
,INTA,48.39,NASDAQ,
,AMBA,79.95,NASDAQ,
,RNG,32.86,NYSE,
,BL,53.54,NASDAQ,
,AEL,41.64,NYSE,
,UNF,169.87,NYSE,
,AWR,87.53,NYSE,
,OI,20.85,NYSE,
,EVH,28.68,NYSE,
,STGW,7.53,NASDAQ,
,ARRY,21.57,NASDAQ,
,KRYS,120.00,NASDAQ,
,UA,6.86,NYSE,
,GKOS,64.91,NYSE,
,VNO,15.49,NYSE,
,MDC,44.83,NYSE,
,TPH,32.25,NYSE,
,AYX,43.76,NYSE,
,AWI,70.25,NYSE,
,CCOI,65.23,NASDAQ,
,EXTR,24.11,NASDAQ,
,ZD,65.91,NASDAQ,
,BCC,81.48,NYSE,
,CVLT,71.01,NASDAQ,
,OTTR,76.29,NASDAQ,
,SHAK,75.19,NYSE,
,HL,5.05,NYSE,
,LOPE,102.06,NASDAQ,
,MAIN,38.33,NYSE,
,SPR,29.68,NYSE,
,PTCT,43.06,NASDAQ,
,DY,108.43,NYSE,
,TNL,40.22,NYSE,
,NOG,33.41,NYSE,
,CRC,43.64,NYSE,
,SXT,72.40,NYSE,
,WIRE,176.28,NASDAQ,
,LGIH,130.41,NASDAQ,
,BANF,92.58,NASDAQ,
,YETI,35.86,NYSE,
,BTU,21.46,NYSE,
,SPB,9.46,TSE,
,VERX,19.34,NASDAQ,
,JWN,18.47,NYSE,
,IRTC,98.46,NASDAQ,
,LCII,121.56,NYSE,
,AKRO,52.72,NASDAQ,
,ESMT,17.82,NYSE,
,KD,13.17,NYSE,
,KMPR,47.42,NYSE,
,EXPI,19.37,NASDAQ,
,AVA,40.00,NYSE,
,AZTA,45.39,NASDAQ,
,UCBI,25.47,NASDAQ,
,WOR,61.00,NYSE,
,URBN,31.87,NASDAQ,
,BHF,44.95,NASDAQ,
,JJSF,156.54,NASDAQ,
,ENV,54.56,NYSE,
,FRPT,62.30,NASDAQ,
,UMBF,59.43,NASDAQ,
,AMED,90.79,NASDAQ,
,LXP,9.93,NYSE,
,CNS,59.09,NYSE,
,PRVA,24.95,NASDAQ,
,FTAI,29.83,NASDAQ,
,THS,52.75,NYSE,
,ARNC,29.25,NYSE,
,ROG,160.16,NYSE,
,MC,43.33,NYSE,
,PTON,7.58,NASDAQ,
,CWT,52.17,NYSE,
,CHPT,7.99,NYSE,
,AUR,2.43,NASDAQ,
,CEQP,26.82,NYSE,
,VRNS,25.60,NASDAQ,
,ACVA,17.83,NASDAQ,
,VRRM,19.19,NASDAQ,
,MQ,5.07,NASDAQ,
,PJT,71.80,NYSE,
,IBOC,44.84,NASDAQ,
,ITGR,85.77,NYSE,
,CNX,17.09,NYSE,
,HASI,25.60,NYSE,
,CRK,10.56,NYSE,
,PBH,101.00,TSE,
,MGEE,78.46,NASDAQ,
,AIN,90.54,NYSE,
,CERT,17.52,NASDAQ,
,GO,27.93,NASDAQ,
,PK,12.57,NYSE,
,GMS,67.59,NYSE,
,KOS,6.01,NYSE,
,RKLB,5.90,NASDAQ,
,IAS,17.53,NASDAQ,
,MORF,61.05,NASDAQ,
,FROG,26.81,NASDAQ,
,PDCO,32.41,NASDAQ,
,UPST,31.72,NASDAQ,
,INSM,20.69,NASDAQ,
,WERN,43.90,NASDAQ,
,CRDO,17.84,NASDAQ,
,PRFT,78.20,NASDAQ,
,ABM,41.66,NYSE,
,RVMD,25.78,NASDAQ,
,OFC,23.84,NYSE,
,RRR,46.93,NASDAQ,
,CBU,49.10,NYSE,
,SBRA,11.73,NASDAQ,
,CVI,27.41,NYSE,
,EVEX,10.55,NYSE,
,GHC,572.41,NYSE,
,AMPH,56.36,NASDAQ,
,CBZ,54.21,NYSE,
,STEP,3.05,TSE,
,SPT,47.06,NASDAQ,
,TR,37.39,NYSE,
,RPD,22.12,TSE,
,PLXS,96.29,NASDAQ,
,FWRD,103.28,NASDAQ,
,JOE,45.71,NYSE,
,JBLU,8.14,NASDAQ,
,BBIO,16.75,NASDAQ,
,MATX,74.03,NYSE,
,KFY,50.43,NYSE,
,CRI,68.19,NYSE,
,WDFC,191.62,NASDAQ,
,NPO,126.62,NYSE,
,WD,78.87,NYSE,
,NABL,14.31,NYSE,
,AXNX,51.13,NASDAQ,
,REZI,17.87,NYSE,
,TMDX,81.23,NASDAQ,
,DEA,14.38,NYSE,
,SITM,117.79,NASDAQ,
,WHD,40.53,NYSE,
,RUM,9.06,NASDAQ,
,HUBG,77.87,NASDAQ,
,KAI,218.00,NYSE,
,APAM,37.51,NYSE,
,CNO,22.72,NYSE,
,IMVT,20.12,NASDAQ,
,LAZR,6.55,NASDAQ,
,MCW,8.43,NYSE,
,SHOO,33.58,NASDAQ,
,DORM,81.58,NASDAQ,
,RXO,21.98,NYSE,
,ALRM,50.73,NASDAQ,
,DEI,12.56,NYSE,
,ESE,99.08,NYSE,
,KDNY,38.37,NASDAQ,
,TCBI,52.15,NASDAQ,
,BEAM,32.66,NASDAQ,
,FIBK,24.10,NASDAQ,
,OUT,15.09,NYSE,
,FTDR,31.26,NASDAQ,
,ASB,16.51,NYSE,
,CRS,53.09,NYSE,
,PRGS,57.43,NASDAQ,
,PROK,10.75,NASDAQ,
,MXL,30.45,NASDAQ,
,CSWI,162.35,NASDAQ,
,YELP,35.55,NYSE,
,GRBK,56.44,NYSE,
,CARG,21.41,NASDAQ,
,KSS,22.22,NYSE,
,STAA,50.45,NASDAQ,
,FL,26.63,NYSE,
,PSEC,6.17,NASDAQ,
,NUVL,42.95,NASDAQ,
,JXN,29.64,NYSE,
,HIW,22.30,NYSE,
,DKL,57.56,NYSE,
,PI,92.28,NASDAQ,
,IOSP,98.84,NASDAQ,
,TWKS,7.63,NASDAQ,
,IDCC,91.91,NASDAQ,
,SFBS,43.51,NYSE,
,CATY,32.66,NASDAQ,
,MWA,15.63,NYSE,
,BRC,49.00,NYSE,
,MAC,10.93,NYSE,
,GNW,5.05,NYSE,
,ACIW,21.97,NASDAQ,
,ABR,14.43,NYSE,
,RVNC,28.37,NASDAQ,
,HAYW,11.50,NYSE,
,PTEN,11.81,NASDAQ,
,VICR,53.52,NASDAQ,
,ABCB,34.09,NASDAQ,
,FHB,18.52,NASDAQ,
,AVAV,97.19,NASDAQ,
,FORM,31.01,NASDAQ,
,JAMF,18.86,NASDAQ,
,AMRC,46.48,NYSE,
,DAN,16.78,NYSE,
,PZZA,72.63,NASDAQ,
,NXRT,45.42,NYSE,
,AMR,168.52,NYSE,
,EVTC,36.57,NYSE,
,DNUT,14.26,NASDAQ,
,OLPX,3.57,NASDAQ,
,BOOT,80.90,NYSE,
,VRNT,35.53,NASDAQ,
,ENR,33.46,NYSE,
,CVCO,279.35,NASDAQ,
,VIAV,10.43,NASDAQ,
,WOOF,8.64,NASDAQ,
,TRIP,16.11,NASDAQ,
,KTB,41.94,NYSE,
,LBRT,13.31,NYSE,
,AX,38.66,NYSE,
,CEIX,69.20,NYSE,
,ARLP,18.17,NASDAQ,
,HELE,97.04,NASDAQ,
,CORT,22.46,NASDAQ,
,BLMN,27.01,NASDAQ,
,ENVX,14.42,NASDAQ,
,TDW,47.84,NYSE,
,NHI,53.01,NYSE,
,PSMT,75.90,NASDAQ,
,NAVI,18.05,NASDAQ,
,ATRC,48.78,NASDAQ,
,SFNC,17.85,NASDAQ,
,KW,16.33,NYSE,
,ICFI,124.33,NASDAQ,
,WSFS,36.58,NASDAQ,
,MGRC,92.71,NASDAQ,
,GSHD,60.28,NASDAQ,
,AEO,11.65,NYSE,
,DFH,25.75,NYSE,
,ALGT,123.74,NASDAQ,
,KMT,28.63,NYSE,
,EQC,20.75,NYSE,
,GBDC,13.37,NASDAQ,
,XRX,14.51,NASDAQ,
,AGTI,16.68,NYSE,
,HEP,18.24,NYSE,
,SIX,27.88,NYSE,
,LZ,12.21,NASDAQ,
,CALM,45.04,NASDAQ,
,MTRN,109.70,NYSE,
,FCPT,25.53,NYSE,
,DOOR,100.71,NYSE,
,CCS,71.13,NYSE,
,SJW,71.76,NYSE,
,SKT,21.29,NYSE,
,MGPI,103.95,NASDAQ,
,EBC,12.31,NASDAQ,
,CPK,125.61,NYSE,
,GDRX,5.57,NASDAQ,
,DBRG,13.28,NYSE,
,DICE,46.59,NASDAQ,
,NEO,8.49,TSE,
,MYRG,136.55,NASDAQ,
,MRCY,38.10,NASDAQ,
,MHO,80.84,NYSE,
,GFF,38.33,NYSE,
,HRMY,37.40,NASDAQ,
,ALG,184.00,NYSE,
,EPC,43.26,NYSE,
,AVDX,10.20,NASDAQ,
,VKTX,21.46,NASDAQ,
,XPEL,82.82,NASDAQ,
,GOGO,17.31,NASDAQ,
,VCTR,31.72,NASDAQ,
,ARCH,119.11,NYSE,
,INDB,47.58,NASDAQ,
,EE,20.42,NYSE,
,FSLY,16.05,NYSE,
,RDNT,32.31,NASDAQ,
,NUVA,40.77,NASDAQ,
,NTCT,29.80,NASDAQ,
,NOVA,18.62,NYSE,
,LUMN,1.94,NYSE,
,FUN,41.46,NYSE,
,MRTX,37.78,NASDAQ,
,EVCM,11.24,NASDAQ,
,AMK,28.53,NYSE,
,AUB,27.70,NYSE,
,SCL,93.55,NYSE,
,BATRK,39.41,NASDAQ,
,NMIH,25.24,NASDAQ,
,ULCC,9.45,NASDAQ,
,FULT,12.61,NASDAQ,
,PRMW,17.30,TSE,
,FA,14.05,NASDAQ,
,HTGC,14.45,NYSE,
,FFBC,21.36,NASDAQ,
,CBRL,93.69,NASDAQ,
,IIPR,74.05,NYSE,
,ARCB,87.47,NASDAQ,
,CPE,34.42,NYSE,
,B,41.39,NYSE,
,HLIO,63.72,NYSE,
,SONO,15.85,NASDAQ,
,GETY,5.13,NYSE,
,PPBI,20.86,NASDAQ,
,MSGE,34.84,NYSE,
,OSIS,122.61,NASDAQ,
,PD,61.38,TSE,
,HLIT,39.59,TSE,
,SHO,9.80,NYSE,
,HTH,30.79,NYSE,
,EYE,25.23,NASDAQ,
,ACDC,12.21,NASDAQ,
,PIPR,133.06,NYSE,
,RIOT,11.68,NASDAQ,
,CNK,16.42,NYSE,
,NEX,8.84,NYSE,
,CVBF,13.79,NASDAQ,
,OPEN,3.12,NASDAQ,
,CENT,38.45,NASDAQ,
,COUR,13.10,NYSE,
,BOWL,11.78,NYSE,
,CTRE,19.45,NYSE,
,VGR,12.92,NYSE,
,USAC,20.11,NYSE,
,HCC,38.42,NYSE,
,MARA,12.21,NASDAQ,
,WGO,63.36,NYSE,
,TROX,12.35,NYSE,
,FSR,5.46,NYSE,
,SLRN,20.05,NASDAQ,
,SBCF,22.43,NASDAQ,
,ESRT,6.95,NYSE,
,GPOR,107.88,NYSE,
,OSCR,8.69,NYSE,
,VTYX,33.41,NASDAQ,
,MYGN,22.84,NASDAQ,
,COHU,40.22,NASDAQ,
,AIR,57.27,NYSE,
,TRN,23.93,NYSE,
,CWK,8.41,NYSE,
,ESTE,13.61,NYSE,
,VCYT,25.86,NASDAQ,
,THRM,57.39,NASDAQ,
,NS,17.13,NYSE,
,PCRX,40.31,NASDAQ,
,ZETA,8.50,NYSE,
,JACK,92.36,NASDAQ,
,SOVO,18.47,NASDAQ,
,NGVT,52.92,NYSE,
,GPRE,30.33,NASDAQ,
,IONQ,9.22,NYSE,
,MIR,8.26,NYSE,
,TBBK,33.69,NASDAQ,
,WAFD,27.48,NASDAQ,
,INSW,38.21,NYSE,
,IOVA,8.24,NASDAQ,
,SPWR,10.52,NASDAQ,
,UE,14.85,NYSE,
,SNEX,87.88,NASDAQ,
,SLVM,42.37,NYSE,
,TOWN,24.30,NASDAQ,
,LAUR,12.16,NASDAQ,
,MTX,56.34,NYSE,
,SUPN,33.16,NASDAQ,
,SAVE,16.75,NYSE,
,BGCP,4.48,NASDAQ,
,MGNI,13.10,NASDAQ,
,RCKT,21.79,NASDAQ,
,BOH,44.48,NYSE,
,ANF,36.90,NYSE,
,STRA,72.94,NASDAQ,
,WLY,32.76,NYSE,
,PLAY,42.13,NASDAQ,
,CRSR,17.26,NASDAQ,
,ROCK,58.97,NASDAQ,
,OII,18.11,NYSE,
,GVA,40.38,NYSE,
,HLMN,9.00,NASDAQ,
,ROAD,34.18,NASDAQ,
,KNTK,34.03,NYSE,
,AESI,17.53,NYSE,
,NVEE,111.09,NASDAQ,
,RAMP,27.59,NYSE,
,TNDM,26.91,NASDAQ,
,WMK,64.63,NYSE,
,KTOS,15.49,NASDAQ,
,PAYO,4.78,NASDAQ,
,LILA,8.25,NASDAQ,
,SKYW,39.64,NASDAQ,
,HIMS,8.42,NYSE,
,CAKE,33.88,NASDAQ,
,XPRO,16.34,NYSE,
,CLDX,36.95,NASDAQ,
,SSTK,48.33,NYSE,
,AGYS,68.07,NASDAQ,
,PATK,77.42,NASDAQ,
,RXRX,8.59,NASDAQ,
,LESL,9.49,NASDAQ,
,TALO,13.89,NYSE,
,BKE,35.12,NYSE,
,CTOS,6.92,NYSE,
,QTWO,29.15,NYSE,
,GTY,33.48,NYSE,
,PHR,19.12,TSE,
,MCY,31.26,NYSE,
,MRTN,21.02,NASDAQ,
,UCTT,37.19,NASDAQ,
,FORG,19.56,NYSE,
,SPCE,5.71,NYSE,
,ZNTL,29.66,NASDAQ,
,VRE,28.27,TSE,
,PDFS,44.70,NASDAQ,
,KAR,15.41,NYSE,
,ROIC,13.28,NASDAQ,
,VRTV,126.10,NYSE,
,JBGS,14.93,NYSE,
,LRN,38.37,NYSE,
,BKU,22.41,NYSE,
,ATGE,37.02,NYSE,
,FRME,28.12,NASDAQ,
,SWTX,26.23,NASDAQ,
,SLG,26.00,NYSE,
,SWI,10.02,NYSE,
,IRWD,10.83,NASDAQ,
,USPH,114.66,NYSE,
,PGTI,28.90,NYSE,
,ATMU,20.73,NYSE,
,DRH,7.85,NYSE,
,DVAX,12.88,NASDAQ,
,SXI,2.00,TSE,
,HBI,4.68,NYSE,
,MLNK,20.60,NYSE,
,AMLX,25.09,NASDAQ,
,TTEC,34.25,NASDAQ,
,HEES,44.95,NASDAQ,
,ANGI,3.25,NASDAQ,
,BROS,27.65,NYSE,
,ENVA,52.71,NYSE,
,KN,17.95,NYSE,
,NUS,32.80,NYSE,
,FGEN,17.01,NASDAQ,
,BHVN,22.94,NYSE,
,ETWO,5.21,NYSE,
,RNST,28.59,NASDAQ,
,TSLX,18.66,NYSE,
,SAH,45.88,NYSE,
,EAT,36.09,NYSE,
,STRL,51.81,NASDAQ,
,ZIP,16.02,NYSE,
,MOD,31.70,NYSE,
,ODP,40.89,NASDAQ,
,CSGS,52.32,NASDAQ,
,VCEL,34.67,NASDAQ,
,HURN,83.81,NASDAQ,
,GERN,3.22,NASDAQ,
,RLJ,9.97,NYSE,
,ACLX,33.08,NASDAQ,
,IMKTA,83.88,NASDAQ,
,VSTO,27.66,NYSE,
,ARI,11.31,NYSE,
,AROC,10.21,NYSE,
,TMCI,25.56,NASDAQ,
,XNCR,25.84,NASDAQ,
,PEB,12.82,NYSE,
,BANR,45.26,NASDAQ,
,PRIM,30.11,NYSE,
,PRCT,35.13,NASDAQ,
,EPAC,27.21,NYSE,
,CMTG,11.39,NYSE,
,COCO,27.51,NASDAQ,
,ARVN,27.30,NASDAQ,
,BRP,24.13,NASDAQ,
,IBTX,36.59,NASDAQ,
,OXM,100.62,NYSE,
,WSBC,25.62,NASDAQ,
,ERII,27.57,NASDAQ,
,AGM,144.61,NYSE,
,ZUO,11.16,NYSE,
,EFSC,40.75,NASDAQ,
,YEXT,11.92,NYSE,
,PTGX,27.51,NASDAQ,
,UDMY,10.12,NASDAQ,
,PRG,32.60,NYSE,
,DK,23.74,NYSE,
,FNA,17.68,NYSE,
,NWN,42.24,NYSE,
,CNNE,19.55,NYSE,
,VRTS,204.55,NASDAQ,
,PLUS,55.95,NASDAQ,
,BFH,30.14,NYSE,
,ANDE,44.97,NASDAQ,
,SAFE,23.22,NYSE,
,PLAB,24.51,NASDAQ,
,LMAT,67.58,NASDAQ,
,RES,7.12,NYSE,
,TNC,81.62,NYSE,
,HPK,13.21,NASDAQ,
,AKR,14.08,NYSE,
,AMEH,31.08,NASDAQ,
,AAT,19.10,NYSE,
,RADI,14.87,NASDAQ,
,PRME,15.06,NASDAQ,
,UFPT,192.91,NASDAQ,
,SNDX,21.82,NASDAQ,
,RLAY,12.07,NASDAQ,
,AGIO,26.98,NASDAQ,
,ALKT,15.84,NASDAQ,
,MSEX,81.69,NASDAQ,
,ADUS,91.37,NASDAQ,
,COMP,3.18,NYSE,
,PLMR,56.70,NASDAQ,
,NBTB,33.29,NASDAQ,
,ETNB,19.02,NASDAQ,
,VSCO,18.30,NYSE,
,PARR,24.78,NYSE,
,CHCO,94.34,NASDAQ,
,SMTC,23.98,NASDAQ,
,NMRK,6.12,NASDAQ,
,OMI,19.23,NYSE,
,SVC,8.60,NASDAQ,
,NWBI,11.00,NASDAQ,
,CMP,34.98,NYSE,
,SEAT,7.34,NASDAQ,
,JBI,9.64,NYSE,
,SATS,17.00,NASDAQ,
,IDYA,25.31,NASDAQ,
,VVX,46.32,NYSE,
,EMBC,24.61,NASDAQ,
,LNN,130.68,NYSE,
,TTMI,13.74,NASDAQ,
,NWLI,380.05,NASDAQ,
,TH,1.20,TSE,
,KRP,15.05,NYSE,
,FCF,13.37,NYSE,
,LTC,33.22,NYSE,
,KYMR,24.64,NASDAQ,
,CRNC,33.24,NASDAQ,
,JELD,16.55,NYSE,
,AHCO,10.39,NASDAQ,
,IRBT,49.53,NASDAQ,
,CTS,3.25,TSE,
,RCUS,18.91,NYSE,
,XHR,12.19,NYSE,
,ATSG,19.13,NASDAQ,
,PAY,5.30,TSE,
,LKFN,52.64,NASDAQ,
,SYBT,46.07,NASDAQ,
,ELME,15.85,NYSE,
,VZIO,6.87,NYSE,
,FBK,29.08,NYSE,
,BCRX,7.10,NASDAQ,
,WRBY,11.75,NYSE,
,HPP,4.75,NYSE,
,REPL,23.48,NASDAQ,
,PLYA,9.07,NASDAQ,
,USM,15.84,NYSE,
,NSSC,36.30,NASDAQ,
,DGII,39.06,NASDAQ,
,PRO,28.81,NYSE,
,RYI,40.83,NYSE,
,ALEX,18.25,NYSE,
,MCRI,70.86,NASDAQ,
,MEI,37.52,NYSE,
,SBH,12.36,NYSE,
,LADR,10.73,NYSE,
,TRMK,22.10,NASDAQ,
,FBNC,32.40,NASDAQ,
,XPOF,26.85,NYSE,
,PX,11.54,NYSE,
,TFIN,60.94,NASDAQ,
,CPRX,13.25,NASDAQ,
,TWO,13.94,NYSE,
,GCMG,7.12,NASDAQ,
,LGND,76.86,NASDAQ,
,PFS,17.10,NYSE,
,UTZ,16.39,NYSE,
,DFIN,44.69,NYSE,
,EVRI,14.66,NYSE,
,SGH,26.56,NASDAQ,
,FIGS,7.58,NYSE,
,MODN,33.73,NYSE,
,PLRX,21.60,NASDAQ,
,SCHL,39.36,NASDAQ,
,PTVE,7.53,NASDAQ,
,INDI,8.86,NASDAQ,
,VECO,24.89,NASDAQ,
,PCT,9.85,NASDAQ,
,TA,12.70,TSE,
,TVTX,16.89,NASDAQ,
,STEL,24.13,NYSE,
,CASH,50.15,TSE,
,CHEF,33.13,NASDAQ,
,EAF,4.95,NYSE,
,NEXT,1.98,TSE,
,CIM,5.66,NYSE,
,WNC,27.60,NYSE,
,CLMT,18.55,TSE,
,HTLF,29.75,NASDAQ,
,MPLN,1.99,NYSE,
,ARHS,9.13,NASDAQ,
,CARS,27.79,TSE,
,SEMR,8.72,NYSE,
,OPK,1.63,NASDAQ,
,EVGO,4.04,NASDAQ,
,MDRX,11.69,NASDAQ,
,SILK,33.57,NASDAQ,
,HTLD,16.05,NASDAQ,
,AMPL,10.84,NASDAQ,
,OFG,26.19,NYSE,
,OEC,20.85,NYSE,
,LMND,17.25,NYSE,
,DDD,9.41,NYSE,
,MATW,41.07,NASDAQ,
,MEG,20.69,TSE,
,MNRO,39.94,NASDAQ,
,ASTS,6.29,NASDAQ,
,LPRO,10.34,NASDAQ,
,GDEN,43.24,NASDAQ,
,KFRC,61.11,NASDAQ,
,IBRX,2.85,NASDAQ,
,HNI,27.16,NYSE,
,UVV,51.24,NYSE,
,WINA,359.44,NASDAQ,
,MMI,31.77,NYSE,
,DO,12.48,NYSE,
,ECVT,10.61,NYSE,
,UPWK,9.11,NASDAQ,
,CWH,28.70,NYSE,
,VERV,18.99,NASDAQ,
,GPCR,32.22,NASDAQ,
,TCBK,35.50,NASDAQ,
,RILY,42.56,NASDAQ,
,HLF,13.86,TSE,
,BFS,35.85,NYSE,
,HMN,29.63,NYSE,
,AIV,8.08,NYSE,
,STER,12.40,NASDAQ,
,OPAL,6.98,NASDAQ,
,NBHC,31.47,NYSE,
,AMWD,71.88,NASDAQ,
,UNFI,20.39,NYSE,
,CTIC,9.10,NASDAQ,
,DAWN,13.53,NASDAQ,
,SG,10.70,NYSE,
,AVNS,25.61,NYSE,
,MBUU,58.19,NASDAQ,
,DSGR,52.94,NASDAQ,
,CNXN,45.86,NASDAQ,
,ECPG,51.07,NASDAQ,
,ADPT,7.83,NASDAQ,
,STC,5.26,TSE,
,SANA,5.86,NASDAQ,
,INBX,26.85,NASDAQ,
,LZB,27.20,NYSE,
,GEL,9.75,NYSE,
,DH,9.77,NASDAQ,
,RDFN,10.15,NASDAQ,
,USNA,60.41,NYSE,
,CMCO,41.29,NASDAQ,
,RVLV,15.58,NYSE,
,KROS,39.69,NASDAQ,
,AVPT,6.01,NASDAQ,
,MD,13.92,NYSE,
,ALHC,6.11,NASDAQ,
,SKIN,7.98,NASDAQ,
,PMT,0.49,TSE,
,MFA,11.38,NYSE,
,CHGG,9.52,NYSE,
,OLO,6.88,NYSE,
,ATUS,2.30,NYSE,
,DCPH,14.91,NASDAQ,
,PTLO,20.72,NASDAQ,
,MBIN,25.77,NASDAQ,
,BUSE,20.37,NASDAQ,
,LOB,24.99,NYSE,
,TASK,11.32,NASDAQ,
,CTKB,8.27,NASDAQ,
,KALU,71.06,NASDAQ,
,SNCY,19.67,NASDAQ,
,ATEN,15.08,NYSE,
,RYTM,18.47,NASDAQ,
,STBA,28.21,NASDAQ,
,GNL,10.11,NYSE,
,AEHR,39.86,NASDAQ,
,BRCC,5.34,NYSE,
,KYN,8.18,NYSE,
,DMLP,29.51,NASDAQ,
,SIBN,28.26,NASDAQ,
,INFN,4.70,NASDAQ,
,FLGT,36.44,NASDAQ,
,SABR,3.18,NASDAQ,
,NRC,44.86,NASDAQ,
,WWW,14.09,NYSE,
,TRS,25.97,NASDAQ,
,TRUP,21.81,NASDAQ,
,WABC,40.57,NASDAQ,
,SASR,24.20,NASDAQ,
,EVBG,26.53,NASDAQ,
,SRCE,43.40,NASDAQ,
,XMTR,22.41,NASDAQ,
,KIND,2.89,NYSE,
,GES,20.50,NYSE,
,LC,9.77,NYSE,
,MLKN,14.19,NASDAQ,
,HAIN,12.25,NASDAQ,
,VRDN,27.04,NASDAQ,
,CRNX,19.70,NASDAQ,
,KIDS,45.59,NASDAQ,
,MIRM,28.60,NASDAQ,
,SCLX,7.02,NASDAQ,
,ICHR,36.37,NASDAQ,
,AHH,11.91,NYSE,
,OFLX,105.40,NASDAQ,
,SAFT,71.13,NASDAQ,
,GRND,5.96,NYSE,
,OM,21.70,NASDAQ,
,DNOW,10.10,NYSE,
,CXW,9.50,NYSE,
,NIC,70.44,NYSE,
,MNKD,4.15,NASDAQ,
,ANIP,52.12,NASDAQ,
,IESC,53.48,NASDAQ,
,VBTX,19.01,NASDAQ,
,NXGN,15.96,NASDAQ,
,HCSG,14.41,NASDAQ,
,UNIT,4.41,NASDAQ,
,IRON,53.34,NASDAQ,
,BLFS,23.54,NASDAQ,
,AVID,23.99,NASDAQ,
,HOPE,8.54,NASDAQ,
,TWST,17.84,NASDAQ,
,COMM,27.11,TSE,
,GIC,27.32,NYSE,
,SAVA,25.21,NASDAQ,
,FOR,20.66,NYSE,
,HWKN,49.32,NASDAQ,
,GLP,30.33,NYSE,
,HLX,6.97,NYSE,
,WT,7.00,NYSE,
,PGRE,4.40,NYSE,
,COGT,12.05,NASDAQ,
,GDOT,18.70,NYSE,
,ARR,8.83,TSE,
,WALD,9.46,NASDAQ,
,EIG,37.46,NYSE,
,GBX,32.15,NYSE,
,AMSF,52.87,NASDAQ,
,FRG,28.84,NASDAQ,
,ATRI,571.01,NASDAQ,
,KRO,9.02,NYSE,
,CDMO,15.57,NASDAQ,
,PNT,10.02,NASDAQ,
,BGS,14.11,NYSE,
,CET,0.61,TSE,
,ASTE,44.28,NASDAQ,
,SHEN,19.71,NASDAQ,
,AZZ,40.52,NYSE,
,ACCD,13.17,NASDAQ,
,PAR,36.45,NYSE,
,FCEL,2.33,NASDAQ,
,PLYM,22.50,NYSE,
,UMH,16.06,NYSE,
,MNTK,7.13,NASDAQ,
,CSR,61.10,NYSE,
,LPG,24.83,NYSE,
,PUBM,18.38,NASDAQ,
,RTL,6.60,NASDAQ,
,CDE,2.92,NYSE,
,BHLB,21.65,NYSE,
,ACHR,3.71,NYSE,
,KRUS,88.96,NASDAQ,
,CYRX,20.01,NASDAQ,
,CIR,47.93,NYSE,
,ASIX,35.48,NYSE,
,DCGO,9.82,NASDAQ,
,TTGT,31.85,NASDAQ,
,CCRN,26.43,NASDAQ,
,CLNE,4.48,NASDAQ,
,OCFC,16.06,NASDAQ,
,PEBO,27.11,NASDAQ,
,FWRG,16.04,NASDAQ,
,APOG,43.58,NASDAQ,
,INNV,7.07,NASDAQ,
,ARKO,7.82,NASDAQ,
,SKWD,25.71,NASDAQ,
,NKLA,1.44,NASDAQ,
,SPLP,43.50,NYSE,
,LBAI,14.07,NASDAQ,
,AXL,8.20,NYSE,
,PRM,14.99,TSE,
,SPH,14.80,NYSE,
,NVRO,25.49,NYSE,
,PRAA,24.23,NASDAQ,
,SLP,47.77,NASDAQ,
,OSTK,21.18,NASDAQ,
,PRLB,34.91,NYSE,
,GEO,3.08,TSE,
,DIN,59.64,NYSE,
,VREX,23.04,NASDAQ,
,SLCA,11.98,NYSE,
,PACW,7.64,NASDAQ,
,GIII,20.19,NASDAQ,
,BHE,25.63,NYSE,
,RGR,52.13,NYSE,
,CUBI,28.92,NYSE,
,ROVR,4.90,NASDAQ,
,LWLG,7.21,NASDAQ,
,GNLX,38.00,NASDAQ,
,BSIG,21.29,NYSE,
,MED,84.93,NYSE,
,AMRX,2.94,NYSE,
,BFC,86.75,NASDAQ,
,STEM,5.76,NYSE,
,HY,53.85,NYSE,
,MTTR,2.98,NASDAQ,
,PUMP,7.86,NYSE,
,IMXI,24.44,NASDAQ,
,THRY,26.01,NASDAQ,
,APPS,8.53,NASDAQ,
,EQRX,1.84,NASDAQ,
,RPT,9.79,NYSE,
,CHCT,33.03,NYSE,
,APLD,9.12,NASDAQ,
,HCCI,36.78,NASDAQ,
,CAL,25.04,NYSE,
,QTRX,23.27,NASDAQ,
,AVTA,22.79,NASDAQ,
,RXST,26.11,NASDAQ,
,RGNX,19.33,NASDAQ,
,SCHN,32.30,NASDAQ,
,ARIS,3.09,TSE,
,NX,26.36,NYSE,
,FDMT,19.01,NASDAQ,
,EVA,11.54,NYSE,
,RBCAA,44.28,NASDAQ,
,MATV,15.56,NYSE,
,ARLO,9.26,NYSE,
,WEST,11.25,NASDAQ,
,CFFN,6.32,NASDAQ,
,PL,3.17,NYSE,
,EB,8.67,NYSE,
,SOUN,3.77,NASDAQ,
,TBLA,2.89,NASDAQ,
,ADMA,3.95,NASDAQ,
,WTTR,7.95,NYSE,
,BCSF,13.47,NYSE,
,PRTC,29.70,NASDAQ,
,OXLC,4.85,NASDAQ,
,AOSL,30.61,NASDAQ,
,AMPS,5.16,NYSE,
,UTL,53.99,NYSE,
,PDM,6.95,NYSE,
,TMST,19.89,NYSE,
,AMRK,38.00,NASDAQ,
,GABC,28.37,NASDAQ,
,CENX,9.45,NASDAQ,
,AVO,12.07,NASDAQ,
,TDS,7.36,NYSE,
,FBMS,27.28,NASDAQ,
,PRDO,12.53,NASDAQ,
,SCS,7.24,NYSE,
,INVA,12.89,NASDAQ,
,MRC,103.06,TSE,
,ACEL,10.05,NYSE,
,SBSI,26.69,NASDAQ,
,BBDC,7.76,NYSE,
,BXC,90.69,NYSE,
,ARDX,3.88,NASDAQ,
,ADTN,10.29,NASDAQ,
,SBGI,12.85,NASDAQ,
,HRT,10.65,NYSE,
,PLPC,166.33,NASDAQ,
,RNA,11.80,NASDAQ,
,UBP,20.41,NYSE,
,CBAY,8.42,NASDAQ,
,UBA,20.52,NYSE,
,BRKL,9.12,NASDAQ,
,NRDS,10.42,NASDAQ,
,KURA,10.72,NASDAQ,
,PFBC,55.51,NASDAQ,
,COLL,23.64,NASDAQ,
,PRA,25.85,TSE,
,SMP,37.21,NYSE,
,DRQ,23.02,NYSE,
,TGI,12.36,NYSE,
,AMPX,9.03,NYSE,
,BYND,12.42,NASDAQ,
,WRLD,135.24,NASDAQ,
,SLRC,14.29,NASDAQ,
,VTLE,44.03,NYSE,
,MVIS,4.27,NASDAQ,
,CDRE,20.54,NYSE,
,ME,1.13,TSE,
,REVG,12.93,NYSE,
,SHYF,22.44,NASDAQ,
,ASLE,15.02,NASDAQ,
,AC,23.58,TSE,
,WLKP,21.77,NYSE,
,BDN,4.38,NYSE,
,CANO,1.41,NYSE,
,BELFB,59.56,NASDAQ,
,HSTM,24.28,NASDAQ,
,IIIV,22.49,NASDAQ,
,BKD,4.01,NYSE,
,LXU,10.04,NYSE,
,ACRS,10.64,NASDAQ,
,CAPL,19.56,NYSE,
,CGBD,14.78,NASDAQ,
,ULH,28.43,NASDAQ,
,LYEL,3.19,NASDAQ,
,SP,37.77,NASDAQ,
,SPTN,21.71,NASDAQ,
,SCSC,29.56,NASDAQ,
,CIFR,2.96,NASDAQ,
,VTOL,27.79,NYSE,
,PWP,8.42,NASDAQ,
,DLX,16.78,NYSE,
,MYE,19.61,NYSE,
,TWI,11.88,NYSE,
,GHLD,12.32,NYSE,
,RWT,6.48,NYSE,
,CLFD,46.51,NASDAQ,
,RICK,76.99,NASDAQ,
,GRC,0.11,TSE,
,CNDT,3.30,NASDAQ,
,RAPT,21.18,NASDAQ,
,MLAB,131.67,NASDAQ,
,CHUY,40.63,NASDAQ,
,GDYN,9.32,NASDAQ,
,OFIX,19.67,NASDAQ,
,BZH,23.18,NYSE,
,BJRI,31.03,NASDAQ,
,EBIX,22.55,NASDAQ,
,QCRH,42.04,NASDAQ,
,ETD,28.03,NYSE,
,CRAI,103.00,NASDAQ,
,ADV,2.20,NASDAQ,
,BY,18.54,NYSE,
,SES,6.18,TSE,
,BASE,25.55,TSE,
,ACMR,11.80,NASDAQ,
,KOP,33.78,NYSE,
,PHAT,12.80,NASDAQ,
,BANC,11.98,NYSE,
,LASR,15.71,NASDAQ,
,POWL,60.47,NASDAQ,
,ALLO,4.71,NASDAQ,
,DCOM,17.82,NASDAQ,
,EGBN,22.27,NASDAQ,
,RPAY,7.44,NASDAQ,
,SMRT,3.46,NYSE,
,HCAT,11.82,NASDAQ,
,PLOW,29.93,NYSE,
,GTN,7.19,NYSE,
,ARCT,25.01,NASDAQ,
,VSEC,53.69,NASDAQ,
,SSP,8.30,NASDAQ,
,PSFE,11.19,NYSE,
,BIGC,9.06,NASDAQ,
,HZO,30.70,NYSE,
,MCRB,5.72,NASDAQ,
,VMEO,4.18,NASDAQ,
,ENFN,9.03,NYSE,
,BLBD,21.81,NASDAQ,
,BALY,14.36,NYSE,
,TRNS,90.21,NASDAQ,
,DENN,12.04,NASDAQ,
,AVXL,8.52,NASDAQ,
,RSI,5.88,TSE,
,DX,12.54,NYSE,
,CTBI,36.96,NASDAQ,
,DM,2.05,NYSE,
,SXC,8.08,NYSE,
,KAMN,24.17,NYSE,
,KE,26.71,NASDAQ,
,SNPO,9.00,NASDAQ,
,INN,6.23,NYSE,
,VERA,15.62,NASDAQ,
,TERN,11.86,NASDAQ,
,IDT,26.08,NYSE,
,CNOB,16.97,NASDAQ,
,GMRE,9.40,NYSE,
,UHT,47.12,NYSE,
,AORT,16.03,NYSE,
,BV,7.06,NYSE,
,MODV,46.39,NASDAQ,
,WOW,7.54,NYSE,
,HLVX,16.67,NASDAQ,
,VTS,22.51,NYSE,
,MLYS,16.42,NASDAQ,
,AGEN,1.84,NASDAQ,
,HOUS,5.95,NYSE,
,DCO,45.29,NYSE,
,LDI,2.05,NYSE,
,AMTB,18.92,NASDAQ,
,GPRO,4.19,NASDAQ,
,NVAX,7.44,NASDAQ,
,FPI,11.75,NYSE,
,KELYA,17.56,NASDAQ,
,TXO,21.50,NYSE,
,HAYN,50.01,NASDAQ,
,CCSI,30.51,NASDAQ,
,CHS,5.28,NYSE,
,EGLE,46.34,NYSE,
,DXPE,36.30,NASDAQ,
,AMBC,14.06,NYSE,
,TITN,28.84,NASDAQ,
,EXFY,8.17,NASDAQ,
,GSBC,52.29,NASDAQ,
,PBI,32.35,TSE,
,AMOT,39.22,NASDAQ,
,AMWL,2.17,NYSE,
,MTW,17.80,NYSE,
,ATEX,31.91,NASDAQ,
,ALDX,7.72,NASDAQ,
,CCO,41.27,TSE,
,YORW,43.68,NASDAQ,
,ECC,10.20,NYSE,
,ATNI,38.41,NASDAQ,
,FNKO,11.84,NASDAQ,
,OSPN,15.31,NASDAQ,
,EHAB,12.09,NYSE,
,SCWX,6.79,NASDAQ,
,STOK,13.50,NASDAQ,
,VYGR,12.64,NASDAQ,
,ALEC,7.21,NASDAQ,
,HBT,18.65,NASDAQ,
,JOUT,60.00,NASDAQ,
,GNK,14.30,NYSE,
,SHCR,1.66,NASDAQ,
,NNDM,2.33,NASDAQ,
,OSBC,13.53,NASDAQ,
,TRTX,7.88,NYSE,
,IIIN,31.88,NYSE,
,IRMD,47.61,NASDAQ,
,SBOW,27.09,NYSE,
,BOC,19.05,NYSE,
,CRMT,94.21,NASDAQ,
,MYPS,4.74,NASDAQ,
,ORGN,4.17,NASDAQ,
,SCVL,22.78,NASDAQ,
,BBSI,88.51,NASDAQ,
,ATRO,19.61,NASDAQ,
,LAND,16.30,NASDAQ,
,DBI,9.28,NYSE,
,HFWA,16.54,NASDAQ,
,HCKT,21.97,NASDAQ,
,FORR,30.57,NASDAQ,
,MOV,27.05,NYSE,
,CION,10.56,NYSE,
,PFC,16.19,NASDAQ,
,FUBO,1.97,NYSE,
,LQDA,9.41,NASDAQ,
,REX,33.04,NYSE,
,BH,194.06,NYSE,
,CEVA,23.93,NASDAQ,
,SMR,8.08,NYSE,
,ARQT,9.66,NASDAQ,
,BTAI,19.06,NASDAQ,
,MAX,9.50,NYSE,
,TCMD,24.63,NASDAQ,
,LXRX,2.30,NASDAQ,
,FATE,5.79,NASDAQ,
,WTI,3.93,NYSE,
,EDIT,8.02,NASDAQ,
,TRST,29.61,NASDAQ,
,BW,6.63,NYSE,
,ALPN,11.85,NASDAQ,
,HROW,19.37,NASDAQ,
,BVH,34.43,NYSE,
,UFCS,22.51,NASDAQ,
,CYH,18.96,TSE,
,UVSP,18.98,NASDAQ,
,WEAV,8.75,NYSE,
,PAHC,13.48,NASDAQ,
,CASS,41.07,NASDAQ,
,ATLC,40.08,NASDAQ,
,NAUT,4.42,NASDAQ,
,DMRC,28.09,NASDAQ,
,MPX,16.33,NYSE,
,CVGW,32.17,NASDAQ,
,RMAX,17.83,NYSE,
,ACRE,10.25,NYSE,
,CTLP,7.63,NASDAQ,
,FRPH,56.87,NASDAQ,
,ZURA,11.62,NASDAQ,
,LIND,10.59,NASDAQ,
,XPER,12.85,NYSE,
,TBI,17.79,NYSE,
,NPK,2.10,TSE,
,CCBG,31.88,NASDAQ,
,RGP,16.14,NASDAQ,
,DOMO,14.74,NASDAQ,
,AGX,40.85,NYSE,
,SWBI,11.70,NASDAQ,
,BRY,0.39,TSE,
,NGL,4.05,NYSE,
,ONEW,34.23,NASDAQ,
,HSII,26.57,NASDAQ,
,WW,6.39,NASDAQ,
,VITL,13.00,NASDAQ,
,ALTG,16.24,NYSE,
,HOV,99.33,NYSE,
,ASPN,7.50,NYSE,
,CLW,30.45,NYSE,
,PGC,28.24,NASDAQ,
,DHIL,174.70,NASDAQ,
,FMBH,25.12,NASDAQ,
,NFBK,11.17,NASDAQ,
,ZEUS,46.45,NASDAQ,
,MRNS,10.37,NASDAQ,
,JANX,12.00,NASDAQ,
,CVLG,40.24,NASDAQ,
,LUNG,13.17,NASDAQ,
,MCFT,29.74,NASDAQ,
,GLDD,7.88,NASDAQ,
,HTBK,8.40,NASDAQ,
,SD,14.17,NYSE,
,TSVT,10.21,NASDAQ,
,ITOS,14.02,NASDAQ,
,ANAB,19.90,NASDAQ,
,TARS,18.36,NASDAQ,
,GCBC,29.65,NASDAQ,
,AVD,17.28,NYSE,
,VVI,24.14,NYSE,
,MVST,1.58,NASDAQ,
,HA,9.85,NASDAQ,
,FLWS,7.79,NASDAQ,
,FC,10.30,TSE,
,ARTNA,49.30,NASDAQ,
,GOOD,12.24,NASDAQ,
,MXCT,4.70,NASDAQ,
,VPG,37.05,NYSE,
,TIPT,14.24,NASDAQ,
,COOK,3.98,NYSE,
,LQDT,15.96,NASDAQ,
,TSE,13.13,NYSE,
,AMAL,16.21,NASDAQ,
,HCI,60.18,NYSE,
,TRDA,15.15,NASDAQ,
,SST,4.53,NYSE,
,CLSK,4.78,NASDAQ,
,ENTA,22.91,NASDAQ,
,NRIX,10.01,NASDAQ,
,RBBN,2.84,NASDAQ,
,CABA,12.03,NASDAQ,
,SRI,18.00,NYSE,
,TRIN,13.61,NASDAQ,
,DGICA,14.93,NASDAQ,
,WSR,9.60,NYSE,
,ACCO,5.13,NYSE,
,TILE,8.33,NASDAQ,
,KRNY,7.25,NASDAQ,
,ORGO,3.65,NASDAQ,
,HAFC,15.71,NASDAQ,
,RWAY,12.13,NASDAQ,
,AURA,12.61,NASDAQ,
,MITK,10.63,NASDAQ,
,LAW,7.74,NYSE,
,ALVR,4.93,NASDAQ,
,SRG,8.25,NYSE,
,SNBR,21.85,NASDAQ,
,SRRK,9.11,NASDAQ,
,LBC,9.06,NASDAQ,
,CAC,32.67,NASDAQ,
,CLDT,9.32,NYSE,
,HBNC,10.79,NASDAQ,
,DWAC,12.74,NASDAQ,
,HIBB,37.20,NASDAQ,
,TSP,2.21,NASDAQ,
,EBS,9.73,NYSE,
,SMBC,40.47,NASDAQ,
,TRC,17.54,NYSE,
,ICPT,11.74,NASDAQ,
,WASH,26.86,NASDAQ,
,MCS,14.79,NYSE,
,MBI,8.57,NYSE,
,AMCX,10.75,NASDAQ,
,HVT,28.36,NYSE,
,BFLY,2.24,NYSE,
,CATC,59.46,NASDAQ,
,QNST,8.48,NASDAQ,
,MCBS,18.22,NASDAQ,
,MBWM,28.19,NASDAQ,
,EOLS,8.17,NASDAQ,
,EZPW,8.30,NASDAQ,
,CECO,13.40,NASDAQ,
,TPIC,10.62,NASDAQ,
,OTLK,1.75,NASDAQ,
,NVEC,94.59,NASDAQ,
,HIFS,205.71,NASDAQ,
,OLP,21.02,NYSE,
,DDI,9.00,NASDAQ,
,CPF,16.41,NYSE,
,ERAS,2.89,NASDAQ,
,NEGG,1.13,NASDAQ,
,TNYA,6.17,NASDAQ,
,CERS,2.56,NASDAQ,
,EGHT,3.65,NASDAQ,
,AMRS,1.17,NASDAQ,
,CDNA,19.08,TSE,
,OIS,7.02,NYSE,
,PETQ,14.81,NASDAQ,
,ANGO,11.06,NASDAQ,
,MGTX,6.91,NASDAQ,
,AIRS,7.43,NASDAQ,
,GAIN,12.86,NASDAQ,
,ORC,10.24,NYSE,
,OPY,39.16,NYSE,
,IHRT,3.45,NASDAQ,
,SLGC,2.34,NASDAQ,
,KOD,7.29,NASDAQ,
,VALU,45.00,NASDAQ,
,HLLY,3.64,NYSE,
,CNSL,3.60,NASDAQ,
,NTGR,14.36,NASDAQ,
,SFIX,3.64,NASDAQ,
,METC,9.56,NASDAQ,
,EVC,4.06,NYSE,
,HDSN,9.50,NASDAQ,
,CMBM,15.16,NASDAQ,
,OMGA,7.13,NASDAQ,
,HONE,8.91,NASDAQ,
,SLAM,10.59,NASDAQ,
,EGY,3.90,NYSE,
,NEWT,17.03,NASDAQ,
,MCB,1.40,TSE,
,MLR,36.58,NYSE,
,SCPL,19.51,NASDAQ,
,ISPR,7.68,NASDAQ,
,AAN,13.30,NYSE,
,CMAX,3.80,NASDAQ,
,SLDP,2.28,NASDAQ,
,SRDX,30.10,NASDAQ,
,SIGA,5.48,NASDAQ,
,VTNR,5.35,NASDAQ,
,CSV,27.48,NYSE,
,ODC,56.35,NYSE,
,CLOV,0.85,NASDAQ,
,AVTE,16.70,NASDAQ,
,RCEL,15.87,NASDAQ,
,THFF,33.17,NASDAQ,
,ALLK,4.49,NASDAQ,
,ABUS,2.37,NASDAQ,
,ICVX,9.67,NASDAQ,
,IGMS,8.86,NASDAQ,
,SCWO,3.17,NASDAQ,
,TPB,23.71,NYSE,
,FFIC,13.78,NASDAQ,
,EOSE,3.51,NASDAQ,
,RXT,1.84,NASDAQ,
,RMNI,4.43,NASDAQ,
,SKYT,8.84,NASDAQ,
,QRTEA,0.91,NASDAQ,
,NRDY,4.00,NYSE,
,ANIK,26.89,NASDAQ,
,DJCO,288.73,NASDAQ,
,OSUR,5.31,NASDAQ,
,BLNK,6.22,NASDAQ,
,SGHT,8.05,NASDAQ,
,RRBI,54.82,NASDAQ,
,XERS,2.98,NASDAQ,
,NR,4.78,NYSE,
,MRSN,3.28,NASDAQ,
,HQI,27.92,NASDAQ,
,ONTF,8.08,NYSE,
,SCPH,10.39,NASDAQ,
,EQBK,24.78,NYSE,
,NUVB,1.75,NYSE,
,VLD,1.99,NYSE,
,FFIE,0.24,NASDAQ,
,KODK,4.69,NYSE,
,RMR,23.38,NASDAQ,
,AXGN,9.05,NASDAQ,
,RSVR,6.07,NASDAQ,
,BRT,19.79,NYSE,
,IBEX,20.93,NASDAQ,
,VHI,2.70,TSE,
,SMBK,22.55,NASDAQ,
,LOVE,25.85,NASDAQ,
,BLTE,13.60,NASDAQ,
,QUOT,3.90,NYSE,
,OPI,7.84,NASDAQ,
,PNTG,12.73,NASDAQ,
,CCNE,17.75,NASDAQ,
,HTBI,22.06,NASDAQ,
,ARAY,3.84,NASDAQ,
,INSE,14.52,NASDAQ,
,PNNT,5.79,NYSE,
,VIGL,10.00,NASDAQ,
,FF,0.18,TSE,
,GLUE,7.19,NASDAQ,
,SOI,8.06,NYSE,
,FSBC,21.66,NASDAQ,
,BLUE,3.42,NASDAQ,
,ALRS,18.49,NASDAQ,
,BBAI,2.40,NYSE,
,EBTC,29.47,NASDAQ,
,VEL,11.35,NYSE,
,AVNW,31.72,NASDAQ,
,SWIM,3.12,NASDAQ,
,PSTL,14.58,NYSE,
,GNE,14.33,NYSE,
,VNDA,6.25,NASDAQ,
,NRGV,2.54,NYSE,
,TTI,2.84,NYSE,
,OOMA,14.54,NYSE,
,CPSI,24.90,NASDAQ,
,CHRS,3.87,NASDAQ,
,FRGE,2.15,NYSE,
,OCUL,4.74,NASDAQ,
,GLAD,9.52,NASDAQ,
,FHTX,8.70,NASDAQ,
,AKYA,7.17,NASDAQ,
,ZYXI,9.69,NASDAQ,
,HIPO,15.05,NYSE,
,SVRA,3.05,NASDAQ,
,AMSWA,10.27,NASDAQ,
,VMD,12.71,TSE,
,LUNA,9.80,NASDAQ,
,SMTI,43.55,NASDAQ,
,WULF,1.70,NASDAQ,
,KRT,17.98,NASDAQ,
,ASRT,6.32,NASDAQ,
,LOCO,9.85,NASDAQ,
,OLMA,8.40,NASDAQ,
,BAND,13.02,NASDAQ,
,LYTS,12.59,NASDAQ,
,UTMD,93.75,NASDAQ,
,AROW,20.82,NASDAQ,
,LSEA,8.58,NASDAQ,
,AVIR,4.00,NASDAQ,
,ARL,20.25,NYSE,
,TPC,6.51,NYSE,
,INOD,13.27,NASDAQ,
,IMRX,11.16,NASDAQ,
,CUTR,15.85,NASDAQ,
,PACK,4.01,NYSE,
,ALXO,7.31,NASDAQ,
,MOFG,20.93,NASDAQ,
,GBIO,5.35,NASDAQ,
,USX,6.13,NYSE,
,VLGEA,22.44,NASDAQ,
,VOR,4.77,NASDAQ,
,CVGI,10.18,NASDAQ,
,KALV,9.78,NASDAQ,
,BHR,3.91,NYSE,
,TCI,37.62,NYSE,
,VUZI,5.28,NASDAQ,
,NATH,81.75,NASDAQ,
,NBN,42.42,NASDAQ,
,HYLN,1.75,NYSE,
,MCBC,9.42,NASDAQ,
,LPSN,4.27,NASDAQ,
,YMAB,7.53,NASDAQ,
,XFOR,2.05,NASDAQ,
,DXLG,5.24,NASDAQ,
,GEVO,1.36,NASDAQ,
,FMAO,23.84,NASDAQ,
,DSKE,7.08,NASDAQ,
,SENEA,42.99,NASDAQ,
,PANL,7.11,NASDAQ,
,TWOU,3.84,NASDAQ,
,HMPT,2.31,NASDAQ,
,WSBF,14.43,NASDAQ,
,DTC,5.09,NYSE,
,DSGN,5.50,NASDAQ,
,SAR,26.85,NYSE,
,PGEN,1.17,NASDAQ,
,BTBT,4.03,NASDAQ,
,STRO,5.39,NASDAQ,
,ZIMV,12.14,NASDAQ,
,AMNB,29.32,NASDAQ,
,WTBA,18.51,NASDAQ,
,NVTA,1.15,NYSE,
,OSG,4.43,NYSE,
,CZNC,19.86,NASDAQ,
,ZUMZ,16.18,NASDAQ,
,SMMF,21.02,NASDAQ,
,CVRX,14.90,NASDAQ,
,TNGX,3.48,NASDAQ,
,BMRC,19.19,NASDAQ,
,NN,2.76,NASDAQ,
,BOOM,16.10,NASDAQ,
,FARO,15.78,NASDAQ,
,ZVIA,4.67,NYSE,
,PETS,13.75,NASDAQ,
,DAKT,6.95,NASDAQ,
,NODK,14.34,NASDAQ,
,GPP,12.63,NASDAQ,
,PFIS,42.79,NASDAQ,
,RLYB,7.33,NASDAQ,
,HUMA,2.89,NASDAQ,
,HNRG,9.53,NASDAQ,
,NWPX,29.88,NASDAQ,
,GCO,23.64,NYSE,
,WHF,12.80,NASDAQ,
,CLAR,7.93,NASDAQ,
,SEER,4.46,NASDAQ,
,SCM,14.20,NYSE,
,ORIC,6.58,NASDAQ,
,DNMR,2.59,NYSE,
,UIS,4.25,NYSE,
,PMTS,25.37,NASDAQ,
,TREE,20.93,NASDAQ,
,RM,30.61,NYSE,
,REFI,15.99,NASDAQ,
,RDVT,21.00,NASDAQ,
,PLSE,6.07,NASDAQ,
,SMHI,10.89,NYSE,
,NVCT,17.74,NASDAQ,
,PKE,14.41,NYSE,
,ASA,14.84,NYSE,
,PRPL,2.67,NASDAQ,
,FNLC,25.60,NASDAQ,
,CSTR,13.34,NASDAQ,
,VCSA,0.59,NASDAQ,
,BBW,19.70,NYSE,
,CVEO,19.42,NYSE,
,LMNR,16.13,NASDAQ,
,GOEV,0.53,NASDAQ,
,CURV,2.70,NYSE,
,WLFC,45.21,NASDAQ,
,NL,5.71,NYSE,
,RYAM,4.10,NYSE,
,SLQT,1.65,NYSE,
,PMVP,5.92,NASDAQ,
,VAXX,2.10,NASDAQ,
,SBT,12.15,TSE,
,BWB,9.96,NASDAQ,
,IPI,21.53,NYSE,
,HBCP,33.22,NASDAQ,
,NUTX,0.50,NASDAQ,
,LE,8.68,NASDAQ,
,GCI,1.92,NYSE,
,PRLD,5.08,NASDAQ,
,MVBF,21.67,NASDAQ,
,DSP,4.48,NASDAQ,
,AEVA,1.18,NYSE,
,PTRA,1.23,NASDAQ,
,GHL,14.63,NYSE,
,AVAH,1.48,NASDAQ,
,CDZI,4.05,NASDAQ,
,III,1.80,TSE,
,URGN,11.98,NASDAQ,
,EEX,4.47,NYSE,
,UONE,5.45,NASDAQ,
,NGM,3.29,NASDAQ,
,CIX,14.76,TSE,
,OVID,3.78,NASDAQ,
,RIGL,1.67,NASDAQ,
,GPMT,5.30,NYSE,
,GATO,5.02,TSE,
,KLTR,2.06,NASDAQ,
,ACNB,31.39,NASDAQ,
,TELA,10.88,NASDAQ,
,SSTI,21.90,NASDAQ,
,PCYO,10.81,NASDAQ,
,CIVB,16.77,NASDAQ,
,FFWM,4.67,NASDAQ,
,TDUP,2.49,NASDAQ,
,ACTG,4.52,NASDAQ,
,BLDE,3.72,NASDAQ,
,TAST,5.26,NASDAQ,
,SPOK,13.66,NASDAQ,
,VOXX,11.67,NASDAQ,
,WEYS,27.11,NASDAQ,
,BSRR,17.31,NASDAQ,
,BARK,1.45,NYSE,
,LIAN,2.40,NASDAQ,
,RBOT,28.26,TSE,
,INGN,11.41,NASDAQ,
,MASS,7.64,NASDAQ,
,PLCE,21.44,NASDAQ,
,RELL,18.32,NASDAQ,
,ITIC,136.05,NASDAQ,
,FET,26.41,NYSE,
,NC,35.08,NYSE,
,POWW,2.16,NASDAQ,
,PFMT,3.53,NASDAQ,
,EGRX,19.62,NASDAQ,
,EHTH,8.93,NASDAQ,
,RNGR,10.50,NYSE,
,AMPY,6.58,NYSE,
,OPRX,14.58,NASDAQ,
,FBIZ,30.16,NASDAQ,
,SKLZ,0.60,NYSE,
,PRTH,3.37,NASDAQ,
,FISI,16.34,NASDAQ,
,VRCA,6.05,NASDAQ,
,SOL,3.82,NYSE,
,BKSY,1.85,NYSE,
,CRMD,5.80,NASDAQ,
,SHBI,12.32,NASDAQ,
,LFCR,8.05,NASDAQ,
,ASUR,12.30,NASDAQ,
,HT,5.92,NYSE,
,SKYX,2.86,NASDAQ,
,THRN,4.57,NASDAQ,
,CPS,15.25,NYSE,
,NATR,12.65,NASDAQ,
,ABOS,5.71,NASDAQ,
,APYX,7.33,NASDAQ,
,LVOX,2.56,NASDAQ,
,PPTA,5.15,TSE,
,PEPG,9.23,NASDAQ,
,PBPB,8.15,NASDAQ,
,NKTX,4.61,NASDAQ,
,UNTY,23.48,NASDAQ,
,EGAN,7.37,NASDAQ,
,WLDN,18.06,NASDAQ,
,EYPT,6.61,NASDAQ,
,CMTL,8.96,NASDAQ,
,KPTI,2.02,NASDAQ,
,TGAN,3.82,NASDAQ,
,TCBX,16.96,NASDAQ,
,MG,72.77,TSE,
,IMMR,7.13,NASDAQ,
,HFFG,4.20,NASDAQ,
,RBB,12.23,NASDAQ,
,OCN,31.45,NYSE,
,AMTX,6.26,NASDAQ,
,PKOH,18.40,NASDAQ,
,EVER,6.79,NASDAQ,
,AIP,6.20,NASDAQ,
,QIPT,7.54,TSE,
,NRIM,40.69,NASDAQ,
,AKTS,3.11,NASDAQ,
,STKS,7.09,NASDAQ,
,LLAP,1.38,NYSE,
,PRTS,4.02,NASDAQ,
,CDLX,6.48,NASDAQ,
,SKIL,1.38,NYSE,
,RANI,4.34,NASDAQ,
,FRGI,8.76,NASDAQ,
,KOPN,2.06,NASDAQ,
,NSTG,4.37,NASDAQ,
,BSVN,24.50,NASDAQ,
,CLPR,5.39,NYSE,
,PDLB,9.01,NASDAQ,
,BCML,18.01,NASDAQ,
,TIO,1.30,NASDAQ,
,UTI,6.52,NYSE,
,FLL,6.37,NASDAQ,
,TUSK,4.76,NASDAQ,
,SWKH,17.03,NASDAQ,
,BLND,0.91,NYSE,
,JAKK,22.16,NASDAQ,
,MBCN,27.43,NASDAQ,
,PLBC,37.14,NASDAQ,
,SPPI,1.09,NASDAQ,
,GRTS,2.53,NASDAQ,
,CNTY,7.07,NASDAQ,
,OUST,5.45,NYSE,
,MKFG,1.05,NYSE,
,ATOM,8.48,NASDAQ,
,XOMA,18.57,NASDAQ,
,JILL,20.77,NYSE,
,RGCO,21.81,NASDAQ,
,AGS,5.55,NYSE,
,ZVRA,6.08,NASDAQ,
,AKBA,1.09,NASDAQ,
,BIG,7.90,NYSE,
,TSBK,25.41,NASDAQ,
,BHIL,0.98,NYSE,
,SFST,25.40,NASDAQ,
,PSTX,2.30,NASDAQ,
,BNGO,0.65,NASDAQ,
,PKBK,17.20,NASDAQ,
,RRGB,13.42,NASDAQ,
,GRWG,3.34,NASDAQ,
,STRS,25.90,NASDAQ,
,SGMO,1.23,NASDAQ,
,ORRF,19.22,NASDAQ,
,TG,6.29,NYSE,
,QSI,1.49,NASDAQ,
,BCBP,12.01,NASDAQ,
,TLYS,7.00,NYSE,
,THRD,5.00,NASDAQ,
,ALT,4.19,NASDAQ,
,DLTH,6.01,NASDAQ,
,UIHC,4.66,NASDAQ,
,ATLX,22.16,NASDAQ,
,TALK,1.20,NASDAQ,
,HOFT,18.72,NASDAQ,
,CTXR,1.28,NASDAQ,
,JYNT,13.25,NASDAQ,
,ALTO,2.50,NASDAQ,
,CDXS,2.97,NASDAQ,
,AADI,7.81,NASDAQ,
,VRA,6.46,NASDAQ,
,QUAD,3.59,NYSE,
,BWFG,24.52,NASDAQ,
,FEAM,4.17,NASDAQ,
,ALCO,25.23,NASDAQ,
,TRUE,2.12,NASDAQ,
,GWH,1.27,NYSE,
,CVLY,20.00,NASDAQ,
,TRHC,7.13,NASDAQ,
,PWOD,27.10,NASDAQ,
,SAMG,20.24,NASDAQ,
,OPRT,5.70,NASDAQ,
,SSBK,21.90,NASDAQ,
,CFFI,55.40,NASDAQ,
,TSQ,11.86,NYSE,
,HEAR,11.10,NASDAQ,
,CVCY,15.97,NASDAQ,
,BIRD,1.18,NASDAQ,
,KVHI,9.91,NASDAQ,
,ABSI,1.78,NASDAQ,
,BCAB,3.82,NASDAQ,
,PTMN,19.70,NASDAQ,
,ATRA,1.90,NASDAQ,
,ITI,4.37,NASDAQ,
,DHX,3.96,NYSE,
,XAIR,5.99,NASDAQ,
,ESCA,14.02,NASDAQ,
,SELB,1.17,NASDAQ,
,ACET,4.62,NASDAQ,
,OBT,33.25,NASDAQ,
,BGFV,8.33,NASDAQ,
,AUGX,4.36,NASDAQ,
,PDSB,5.87,NASDAQ,
,WISH,7.53,NASDAQ,
,LYRA,3.76,NASDAQ,
,RMBL,11.39,NASDAQ,
,KZR,2.43,NASDAQ,
,SPWH,4.90,NASDAQ,
,KRMD,3.97,NASDAQ,
,CCLP,1.25,NASDAQ,
,XBIT,5.95,NASDAQ,
,OXSQ,2.69,NASDAQ,
,SDC,0.44,NASDAQ,
,LTRPA,0.67,NASDAQ,
,MACK,12.36,NASDAQ,
,WKHS,0.93,NASDAQ,
,WE,0.21,NYSE,
,HYZN,0.77,NASDAQ,
,SMLR,25.69,NASDAQ,
,BCOV,4.07,NASDAQ,
,RDW,2.56,NYSE,
,MYFW,18.00,NASDAQ,
,MNSB,23.05,NASDAQ,
,INVE,7.13,NASDAQ,
,VERI,4.51,NASDAQ,
,CARA,3.26,NASDAQ,
,SATL,1.95,NASDAQ,
,TLS,2.28,NASDAQ,
,GRPH,2.86,NASDAQ,
,PCYG,9.50,NASDAQ,
,ATLO,18.37,NASDAQ,
,LCNB,14.97,NASDAQ,
,ESSA,15.89,NASDAQ,
,TCFC,28.77,NASDAQ,
,VSTM,9.72,NASDAQ,
,VRM,1.27,NASDAQ,
,VABK,30.90,NASDAQ,
,TWIN,11.78,NASDAQ,
,CATO,7.88,NYSE,
,WGS,6.16,NASDAQ,
,LTCH,1.21,NASDAQ,
,ADVM,1.56,NASDAQ,
,USGO,12.73,NASDAQ,
,CTSO,3.65,NASDAQ,
,NDLS,3.38,NASDAQ,
,FGBI,13.62,NASDAQ,
,AREC,2.03,NASDAQ,
,LTRX,4.22,NASDAQ,
,MAPS,0.83,NASDAQ,
,CCCC,2.96,NASDAQ,
,FSTR,13.90,NASDAQ,
,BLZE,4.25,NASDAQ,
,MTRX,5.34,NASDAQ,
,LRMR,3.47,NASDAQ,
,LAZY,11.36,NASDAQ,
,RCKY,19.95,NASDAQ,
,REAL,6.24,TSE,
,BODY,0.51,NYSE,
,HNST,1.61,NASDAQ,
,KNTE,3.14,NASDAQ,
,RENT,2.16,NASDAQ,
,AXTI,3.30,NASDAQ,
,TCS,24.99,TSE,
,CELU,0.81,NASDAQ,
,HRTX,1.21,NASDAQ,
,KLXE,9.57,NASDAQ,
,ESPR,1.42,NASDAQ,
,HURC,21.69,NASDAQ,
,VXRT,0.92,NASDAQ,
,PVBC,8.46,NASDAQ,
,HGBL,3.84,NASDAQ,
,OCGN,0.59,NASDAQ,
,RGTI,0.98,NASDAQ,
,SAL,24.17,NASDAQ,
,GTHX,2.63,NASDAQ,
,LL,4.47,NYSE,
,ANTX,7.21,NASDAQ,
,MNMD,3.60,NASDAQ,
,GLSI,10.52,NASDAQ,
,GHM,13.03,NYSE,
,DIBS,3.56,NASDAQ,
,SEEL,1.06,NASDAQ,
,AJX,5.78,NYSE,
,ZFOX,1.06,NASDAQ,
,TCRX,2.84,NASDAQ,
,OPTN,1.19,NASDAQ,
,SLDB,6.12,NASDAQ,
,GLT,3.00,NYSE,
,UFI,7.30,NYSE,
,ARC,2.95,NYSE,
,WNEB,5.87,NASDAQ,
,INO,0.48,NASDAQ,
,GRPN,4.81,NASDAQ,
,INBK,14.53,NASDAQ,
,PAYS,2.51,NASDAQ,
,PLBY,1.66,NASDAQ,
,IVVD,1.13,NASDAQ,
,WMPN,10.06,NASDAQ,
,BSET,14.48,NASDAQ,
,RMBI,11.06,NASDAQ,
,HWBK,17.81,NASDAQ,
,NOTV,4.86,NASDAQ,
,FREE,2.69,NASDAQ,
,OPBK,8.38,NASDAQ,
,DZSI,4.27,NASDAQ,
,LIFE,21.40,TSE,
,ADTH,1.35,NASDAQ,
,FOSL,2.45,NASDAQ,
,GOSS,1.31,NASDAQ,
,PRTK,2.21,NASDAQ,
,HNVR,17.96,NASDAQ,
,MPAA,6.43,NASDAQ,
,CTV,0.94,NYSE,
,CDXC,1.60,NASDAQ,
,CMRX,1.35,NASDAQ,
,FAT,7.65,NASDAQ,
,BKKT,1.38,NYSE,
,SPRU,0.85,NYSE,
,PRPH,7.34,NASDAQ,
,CAPR,4.90,NASDAQ,
,ISSC,7.35,NASDAQ,
,PRCH,1.17,NASDAQ,
,FNGR,2.89,NASDAQ,
,WHG,12.80,NYSE,
,ATOS,0.92,NASDAQ,
,GLYC,1.79,NASDAQ,
,HMST,6.26,NASDAQ,
,SOND,0.58,NASDAQ,
,VATE,1.58,NYSE,
,NEOV,3.51,NASDAQ,
,CALB,14.57,NASDAQ,
,ECBK,13.04,NASDAQ,
,MLVF,15.70,NASDAQ,
,PWFL,3.24,NASDAQ,
,MNOV,2.42,NASDAQ,
,OVBC,24.32,NASDAQ,
,SRT,2.83,NYSE,
,USAP,13.15,NASDAQ,
,FINW,8.80,NASDAQ,
,CASA,1.20,NASDAQ,
,CIA,5.56,TSE,
,TCRT,0.46,NASDAQ,
,PRDS,1.82,NASDAQ,
,AQST,2.02,NASDAQ,
,ISTR,11.67,NASDAQ,
,FONR,16.90,NASDAQ,
,ASTR,0.39,NASDAQ,
,NINE,3.51,NYSE,
,PTRS,6.52,NASDAQ,
,TBNK,24.00,TSE,
,HRTG,4.25,NYSE,
,UPLD,3.10,NASDAQ,
,VERU,1.21,NASDAQ,
,QMCO,1.15,NASDAQ,
,LWAY,7.39,NASDAQ,
,ATHA,2.87,NASDAQ,
,BGSF,9.73,NYSE,
,FNWB,11.04,NASDAQ,
,ANIX,3.24,NASDAQ,
,PEBK,18.55,NASDAQ,
,RVSB,5.04,NASDAQ,
,QUIK,7.42,NASDAQ,
,UEIC,8.51,NASDAQ,
,KORE,1.14,NYSE,
,RAD,1.99,NYSE,
,NKTR,0.53,NASDAQ,
,LAKE,14.33,NASDAQ,
,UNB,22.85,NASDAQ,
,TALS,2.20,NASDAQ,
,GEOS,7.76,NASDAQ,
,HOWL,2.81,NASDAQ,
,CTMX,1.54,NASDAQ,
,SCYX,2.72,NASDAQ,
,LCUT,4.41,NASDAQ,
,IVAC,3.85,NASDAQ,
,BFIN,18.01,TSE,
,XXII,0.45,NASDAQ,
,EAR,4.80,NASDAQ,
,KITT,2.05,NASDAQ,
,PXLW,1.74,NASDAQ,
,BDSX,1.19,NASDAQ,
,FCUV,13.47,TSE,
,EARN,45.91,TSE,
,REKR,1.53,NASDAQ,
,NNBR,2.22,NASDAQ,
,SUP,3.58,NYSE,
,GNUS,3.19,NASDAQ,
,CRVS,2.30,NASDAQ,
,FLXS,18.57,NASDAQ,
,PSNL,2.02,NASDAQ,
,ENZ,1.96,NYSE,
,MESA,2.45,NASDAQ,
,CONN,3.97,NASDAQ,
,SPIR,0.68,NYSE,
,AKLI,1.15,NASDAQ,
,RDI,2.64,NASDAQ,
,CPTN,0.55,NASDAQ,
,BHG,13.18,NYSE,
,BZFD,0.58,NASDAQ,
,SNCR,0.96,NASDAQ,
,SPRB,2.27,NASDAQ,
,KRON,1.51,NASDAQ,
,BSGM,1.21,NASDAQ,
,BCLI,2.32,NASDAQ,
,SCTL,1.07,NASDAQ,
,INSG,0.73,NASDAQ,
,CETY,2.30,NASDAQ,
,PROV,12.06,NASDAQ,
,LVLU,2.13,NASDAQ,
,ROOT,3.02,TSE,
,RLMD,2.73,NASDAQ,
,VTSI,7.83,NASDAQ,
,FBIO,0.60,NASDAQ,
,ABEO,4.83,NASDAQ,
,VERY,5.75,NASDAQ,
,STRM,1.45,NASDAQ,
,GALT,1.38,NASDAQ,
,VRAY,0.41,NASDAQ,
,MMLP,2.05,NASDAQ,
,DARE,0.96,NASDAQ,
,OFED,14.28,NASDAQ,
,SCOR,0.85,NASDAQ,
,TESS,8.93,NASDAQ,
,IDEX,0.10,NASDAQ,
,PET,30.93,TSE,
,CLSD,1.33,NASDAQ,
,XLO,2.97,NASDAQ,
,ORN,2.54,NYSE,
,DMTK,2.48,NASDAQ,
,LEE,13.48,NASDAQ,
,DOMA,0.23,NYSE,
,PPSI,8.41,NASDAQ,
,CRIS,0.81,NASDAQ,
,SPRO,1.46,NASDAQ,
,RBT,0.39,NYSE,
,CENN,0.30,NASDAQ,
,BWEN,3.96,NASDAQ,
,OPOF,15.85,NASDAQ,
,UP,3.13,NYSE,
,SLNG,4.41,NASDAQ,
,VIA,9.70,NASDAQ,
,LGVN,3.59,NASDAQ,
,RVLP,0.77,NASDAQ,
,SOHO,2.02,NASDAQ,
,WFCF,13.91,NASDAQ,
,AXDX,0.73,NASDAQ,
,CAMP,1.81,NASDAQ,
,YELL,1.31,NASDAQ,
,IMUX,1.67,NASDAQ,
,DTIL,0.59,NASDAQ,
,PIRS,0.26,NASDAQ,
,SMSI,1.12,NASDAQ,
,CURO,1.70,NYSE,
,FRBK,1.01,NASDAQ,
,PRAX,1.10,NASDAQ,
,HLTH,0.44,NASDAQ,
,TIL,0.51,NASDAQ,
,APEI,3.91,NASDAQ,
,DFLI,1.55,NASDAQ,
,GROV,1.85,NYSE,
,SND,1.68,NASDAQ,
,BEAT,2.40,NASDAQ,
,RCAT,1.16,NASDAQ,
,EMBK,2.80,NASDAQ,
,FTK,0.75,NYSE,
,BNED,1.21,NYSE,
,DAVE,5.58,NASDAQ,
,VANI,1.27,NASDAQ,
,LTRN,5.85,NASDAQ,
,XOS,0.40,NASDAQ,
,WRAP,1.46,NASDAQ,
,FXLV,0.67,NYSE,
,HYMC,0.32,NASDAQ,
,VBFC,43.80,NASDAQ,
,SYRS,3.05,NASDAQ,
,VIRC,4.02,NASDAQ,
,LUCD,1.42,NASDAQ,
,LPTX,4.46,NASDAQ,
,VWE,1.06,NASDAQ,
,VGZ,0.70,TSE,
,VTVT,0.79,NASDAQ,
,STIM,2.17,NASDAQ,
,RMTI,4.47,NASDAQ,
,VIRX,1.56,NASDAQ,
,HOUR,1.73,NASDAQ,
,SNDA,8.19,NYSE,
,RIDE,3.56,NASDAQ,
,STRC,0.38,NASDAQ,
,OMIC,0.80,NASDAQ,
,CULP,4.71,NYSE,
,GECC,7.62,NASDAQ,
,SONX,1.14,NYSE,
,NHTC,4.96,NASDAQ,
,PHUN,0.53,NASDAQ,
,FARM,2.75,NASDAQ,
,LOAN,5.06,NASDAQ,
,APPH,0.36,NASDAQ,
,OESX,1.75,NASDAQ,
,WMC,9.15,NYSE,
,UTRS,0.28,NASDAQ,
,AKA,0.47,NYSE,
,VRAR,3.60,NASDAQ,
,BIOR,3.83,NASDAQ,
,FLNT,0.035,TSE,
,LRFC,20.05,NASDAQ,
,QNCX,1.40,NASDAQ,
,ATIP,11.97,NYSE,
,GIFI,3.25,NASDAQ,
,USIO,1.93,NASDAQ,
,RFL,2.12,NYSE,
,SURF,0.85,NASDAQ,
,GAIA,2.46,NASDAQ,
,LPTH,1.37,NASDAQ,
,RGS,1.06,NYSE,
,BYSI,1.28,NASDAQ,
,IDN,2.57,NASDAQ,
,UBX,3.29,NASDAQ,
,TTCF,0.59,NASDAQ,
,RAIL,2.77,NASDAQ,
,HEPA,11.71,NASDAQ,
,COYA,4.70,NASDAQ,
,FATH,0.34,NYSE,
,SUNL,0.35,NYSE,
,RAIN,1.31,NASDAQ,
,HLGN,0.23,NYSE,
,SONM,1.16,NASDAQ,
,EXPR,0.63,NYSE,
,AVRO,0.99,NASDAQ,
,EFTR,0.81,NASDAQ,
,CWD,2.14,NASDAQ,
,TOI,0.60,NASDAQ,
,SLS,5.72,TSE,
,TSHA,0.70,NASDAQ,
,SNTI,1.00,NASDAQ,
,HHS,5.70,NASDAQ,
,VNCE,3.41,NYSE,
,DRCT,3.06,NASDAQ,
,HFBL,13.81,NASDAQ,
,KAVL,0.78,NASDAQ,
,GRNA,0.29,NASDAQ,
,RPID,0.99,NASDAQ,
,PAVM,0.40,NASDAQ,
,NCSM,18.06,NASDAQ,
,HYFM,0.96,NASDAQ,
,SUNW,1.13,NASDAQ,
,JOAN,1.03,NASDAQ,
,DUOT,5.52,NASDAQ,
,IZEA,2.51,NASDAQ,
,CYN,1.20,NASDAQ,
,GNPX,0.79,NASDAQ,
,SPI,1.36,NASDAQ,
,TRKA,2.52,NASDAQ,
,NLS,1.25,NYSE,
,OWLT,0.35,NYSE,
,TXMD,3.94,NASDAQ,
,ATER,0.47,NASDAQ,
,MULN,0.20,NASDAQ,
,ALPS,0.71,NASDAQ,
,UPXI,2.18,NASDAQ,
,USAU,4.29,NASDAQ,
,TUP,0.84,NYSE,
,AGIL,0.74,NASDAQ,
,SYBX,0.52,NASDAQ,
,EMKR,0.71,NASDAQ,
,DERM,2.00,NASDAQ,
,MGOL,2.65,NASDAQ,
,APRN,5.81,NYSE,
,ENOB,0.69,NASDAQ,
,KIRK,2.89,NASDAQ,
,NRXP,0.50,NASDAQ,
,OCX,0.21,NASDAQ,
,NERV,6.25,NASDAQ,
,FAZE,0.47,NASDAQ,
,KALA,15.33,NASDAQ,
,LUMO,4.08,NASDAQ,
,KOSS,3.74,NASDAQ,
,ADES,1.30,NASDAQ,
,BABY,0.72,TSE,
,USDP,1.04,NYSE,
,LOCL,3.71,NYSE,
,VIEW,0.15,NASDAQ,
,CASI,2.50,NASDAQ,
,ICAD,1.30,NASDAQ,
,XPON,4.48,NASDAQ,
,LIDR,0.18,NASDAQ,
,MBOT,3.17,NASDAQ,
,CODX,1.12,NASDAQ,
,ADN,17.06,TSE,
,CISO,0.18,NASDAQ,
,APCX,1.67,NASDAQ,
,VINC,1.33,NASDAQ,
,TISI,6.35,NYSE,
,SOBR,1.66,NASDAQ,
,XELA,4.46,NASDAQ,
,BBGI,0.97,NASDAQ,
,SNCE,0.25,NASDAQ,
,MNTS,0.30,NASDAQ,
,JEWL,1.24,NASDAQ,
,SNAX,0.60,NASDAQ,
,AQB,0.38,NASDAQ,
,BMRA,1.57,NASDAQ,
,HARP,0.69,NASDAQ,
,WATT,0.31,NASDAQ,
,RGLS,1.31,NASDAQ,
,BRDS,2.14,NYSE,
,VAPO,0.56,NYSE,
,LPCN,5.07,NASDAQ,
,DLPN,1.88,NASDAQ,
,PMD,4.57,NASDAQ,
,UPH,1.52,NYSE,
,RAVE,1.83,NASDAQ,
,SALM,0.98,NASDAQ,
,MGRX,1.71,NASDAQ,
,AIM,3.40,TSE,
,COCP,2.37,NASDAQ,
,VCNX,0.38,NASDAQ,
,SIEN,2.33,NASDAQ,
,IRNT,0.17,NYSE,
,ONTX,1.12,NASDAQ,
,LASE,2.91,NASDAQ,
,PIXY,1.32,NASDAQ,
,BBIG,25.84,TSE,
,SDIG,4.38,NASDAQ,
,NVOS,0.14,NASDAQ,
,CGRN,20.78,TSE,
,VBIV,2.39,NASDAQ,
,FRZA,1.30,NASDAQ,
,SHPW,0.41,NYSE,
,SEAC,8.09,NASDAQ,
,ECOR,2.05,TSE,
,ZEV,3.35,NYSE,
,CNTX,1.28,NASDAQ,
,HGEN,0.16,NASDAQ,
,BOXL,1.90,NASDAQ,
,ASTC,11.51,NASDAQ,
,SGMA,3.13,NASDAQ,
,ALBT,1.81,NASDAQ,
,SLGG,0.49,NASDAQ,
,CORR,1.15,NYSE,
,POLA,1.44,NASDAQ,
,ATHX,0.82,NASDAQ,
,GREE,3.08,NASDAQ,
,CVKD,1.55,NASDAQ,
,TNXP,1.69,NASDAQ,
,WTER,1.67,NASDAQ,
,ZYNE,0.33,NASDAQ,
,OTRK,0.61,NASDAQ,
,BOF,4.36,NASDAQ,
,FGI,1.72,NASDAQ,
,MARK,1.15,NASDAQ,
,APDN,1.30,NASDAQ,
,CEMI,16.67,TSE,
,LUCY,1.39,NASDAQ,
,VYNE,5.21,NASDAQ,
,EKSO,1.20,NASDAQ,
,ONVO,1.81,NASDAQ,
,UGRO,1.35,NASDAQ,
,PEV,0.75,NASDAQ,
,DS,6.61,TSE,
,SGBX,0.91,NASDAQ,
,ASPI,0.41,NASDAQ,
,ACOR,12.81,NASDAQ,
,AUMN,2.71,TSE,
,MRAI,0.53,NASDAQ,
,TPST,1.18,NASDAQ,
,BFRI,0.59,NASDAQ,
,BIAF,1.58,NASDAQ,
,NOGN,1.25,NASDAQ,
,VTGN,1.80,NASDAQ,
,KINS,1.35,NASDAQ,
,AEZS,3.65,TSE,
,VISL,5.56,NASDAQ,
,CARV,2.95,NASDAQ,
,OLB,1.04,NASDAQ,
,JAGX,0.48,NASDAQ,
,APRE,3.34,NASDAQ,
,PXMD,0.78,NASDAQ,
,ISPC,1.43,NASDAQ,
,FREQ,0.33,NASDAQ,
,ACRX,1.09,NASDAQ,
,LFLY,0.30,NASDAQ,
,LIPO,2.13,NASDAQ,
,ERNA,2.48,NASDAQ,
,DGLY,4.42,NASDAQ,
,MRIN,0.69,NASDAQ,
,FUV,1.51,NASDAQ,
,MNPR,0.86,NASDAQ,
,CING,0.93,NASDAQ,
,MGAM,0.56,NASDAQ,
,TTNP,0.75,NASDAQ,
,YTEN,1.89,NASDAQ,
,IDAI,1.43,NASDAQ,
,SIDU,0.21,NASDAQ,
,MSGM,4.66,NASDAQ,
,CYCN,4.55,NASDAQ,
,REBN,0.81,NASDAQ,
,BLBX,3.11,NASDAQ,
,PULM,2.75,NASDAQ,
,SCKT,1.46,NASDAQ,
,PRPO,0.37,NASDAQ,
,HSCS,0.98,NASDAQ,
,NCPL,1.37,NASDAQ,
,FRGT,0.81,NASDAQ,
,TRVN,0.92,NASDAQ,
,AYTU,1.74,NASDAQ,
,HOTH,2.98,NASDAQ,
,OPAD,8.58,NYSE,
,CFMS,1.19,NASDAQ,
,AEMD,0.38,NASDAQ,
,TBLT,0.26,NASDAQ,
,ALRN,1.70,NASDAQ,
,NUZE,9.75,NASDAQ,
,HALL,4.73,NASDAQ,
,INPX,0.20,NASDAQ,
,DFFN,3.65,NASDAQ,
,CETX,8.73,NASDAQ,
,BLPH,0.71,NASDAQ,
,BKYI,0.75,NASDAQ,
,ADIL,0.23,NASDAQ,
,WHLR,0.62,NASDAQ,
,AVGR,0.63,NASDAQ,
,ONFO,1.26,NASDAQ,
,QNRX,0.64,NASDAQ,
,BNTC,0.21,NASDAQ,
,ADMP,1.90,NASDAQ,
,SINT,1.40,NASDAQ,
,ATNF,1.14,NASDAQ,
,HILS,0.39,NASDAQ,
,ASNS,3.06,NASDAQ,
,ASTI,0.12,NASDAQ,
,VERB,1.11,NASDAQ,
,SNOA,1.13,NASDAQ,
,PHIO,2.98,NASDAQ,
,HSDT,0.19,NASDAQ,
,SNGX,0.66,NASDAQ,
,EFOI,2.05,NASDAQ,
,XBIO,3.23,NASDAQ,
,EVOK,1.57,NASDAQ,
,PIK,0.62,NASDAQ,
,PTPI,2.11,NASDAQ,
,KERN,0.62,NASDAQ,
,OBLG,1.51,NASDAQ,
,AGFY,0.19,NASDAQ,
,ENSC,2.18,NASDAQ,
,AGRX,3.05,NASDAQ,
,EDBL,1.28,NASDAQ,
,JAN,1.01,NASDAQ,
,NUWE,2.58,NASDAQ,
,OPGN,0.63,NASDAQ,
,GNLN,2.07,NASDAQ,
,BXRX,0.54,NASDAQ,
,TIVC,0.098,NASDAQ,
,GROM,0.38,NASDAQ,
,STAF,0.68,NASDAQ,
,BIOC,1.72,NASDAQ,
,EAST,3.12,NASDAQ,
,CNXA,0.19,NASDAQ,
,BIOL,0.077,NASDAQ,
,TTOO,0.072,NASDAQ,
,ONCS,0.20,NASDAQ,
,ENGH,32.90,TSE,
,RY,124.59,TSE,
,TD,79.75,TSE,
,SHOP,83.16,TSE,
,CNI,118.75,NYSE,
,ENB,48.62,TSE,
,CP,104.38,TSE,
,BMO,117.52,TSE,
,TRI,170.07,TSE,
,BNS,64.58,TSE,
,CNQ,71.98,TSE,
,LULU,378.81,NASDAQ,
,BCE,59.33,TSE,
,TRP,53.51,TSE,
,CM,56.59,TSE,
,SU,39.00,TSE,
,MFC,24.62,TSE,
,QSR,100.10,TSE,
,CVE,22.15,TSE,
,SLF,66.57,TSE,
,NTR,79.66,TSE,
,IMO,65.72,TSE,
,GOLD,1.19,TSE,
,TU,19.36,NYSE,
,FNV,181.37,TSE,
,GIB,102.81,NYSE,
,AEM,64.67,TSE,
,RCI,44.22,NYSE,
,TECK,41.23,NYSE,
,FTS,56.42,TSE,
,WPM,56.18,TSE,
,PBA,30.96,NYSE,
,MGA,0.20,TSE,
,CCJ,31.35,NYSE,
,GFL,48.95,TSE,
,BAM,42.73,TSE,
,OTEX,53.44,TSE,
,RBA,76.24,TSE,
,TFII,138.47,TSE,
,STN,83.38,TSE,
,CAE,28.99,TSE,
,WFG,108.70,TSE,
,BLCO,25.61,TSE,
,DSGX,76.89,NASDAQ,
,FSV,188.38,TSE,
,DOOO,79.40,NASDAQ,
,AQN,11.15,TSE,
,KGC,4.66,NYSE,
,GIL,40.10,TSE,
,PAAS,18.94,TSE,
,ATS,63.25,TSE,
,AGI,15.46,TSE,
,TIXT,19.48,TSE,
,SGML,38.69,NASDAQ,
,CIGI,123.20,TSE,
,NVEI,35.15,TSE,
,CPG,8.82,TSE,
,LAC,26.82,TSE,
,ERF,18.86,TSE,
,BB,6.38,TSE,
,SSRM,18.35,TSE,
,MEOH,41.19,NASDAQ,
,OR,19.83,TSE,
,BHC,9.70,TSE,
,TFPM,17.41,TSE,
,XENE,41.67,NASDAQ,
,TAC,9.66,NYSE,
,CSIQ,38.06,NASDAQ,
,LSPD,20.48,TSE,
,TCN,11.33,TSE,
,NXE,6.20,TSE,
,ABCL,7.26,NASDAQ,
,VET,16.52,TSE,
,EGO,9.86,NYSE,
,ERO,27.27,TSE,
,BLU,19.35,TSE,
,CLS,19.39,TSE,
,GOOS,21.39,TSE,
,NG,6.28,TSE,
,SAND,4.98,NYSE,
,AG,5.35,NYSE,
,EQX,5.86,TSE,
,IE,19.75,TSE,
,AUPH,9.51,NASDAQ,
,BLDP,5.82,TSE,
,HBM,6.55,TSE,
,CGAU,6.00,NYSE,
,DCBO,49.02,TSE,
,IAG,91.36,TSE,
,TNK,38.10,NYSE,
,MAG,14.80,TSE,
,TLRY,2.11,TSE,
,SA,12.30,NYSE,
,LICY,5.44,NYSE,
,IMAX,17.42,NYSE,
,FSM,3.11,NYSE,
,STKL,7.06,NASDAQ,
,SII,42.45,TSE,
,ASTL,10.05,TSE,
,EFXT,6.23,NYSE,
,NGD,1.37,TSE,
,CRON,2.43,TSE,
,PDS,46.65,NYSE,
,ABST,14.92,TSE,
,MERC,8.50,NASDAQ,
,TK,5.98,NYSE,
,HUT,3.64,TSE,
,ZYME,8.18,NASDAQ,
,EXK,2.80,NYSE,
,RPTX,11.58,NASDAQ,
,NOA,26.50,TSE,
,SVM,3.65,TSE,
,OBE,7.64,TSE,
,TMC,1.40,NASDAQ,
,LEV,2.53,TSE,
,SKE,6.38,TSE,
,TSAT,12.00,TSE,
,SNDL,1.37,NASDAQ,
,TCX,28.31,NASDAQ,
,MUX,9.33,TSE,
,BITF,1.86,TSE,
,REAX,2.45,TSE,
,CGC,0.60,NASDAQ,
,HIVE,3.78,NASDAQ,
,LGO,5.62,TSE,
,WRN,2.10,TSE,
,QBTS,1.66,NYSE,
,KFS,8.75,NYSE,
,CIO,5.34,NYSE,
,UROY,2.07,NASDAQ,
,VBNK,10.37,TSE,
,NMG,3.21,NYSE,
,ACB,0.75,TSE,
,GTE,6.90,TSE,
,ALYA,2.23,TSE,
,ZTEK,1.64,NASDAQ,
,LOOP,3.15,NASDAQ,
,SANG,3.94,NASDAQ,
,WPRT,10.47,TSE,
,EPIX,3.05,NASDAQ,
,PYR,1.00,TSE,
,OGI,0.53,TSE,
,ONCY,2.16,NASDAQ,
,ACHV,6.13,NASDAQ,
,VOXR,3.19,TSE,
,MIST,3.32,NASDAQ,
,AZ,2.92,NASDAQ,
,MMAT,0.20,NASDAQ,
,SOLO,0.80,NASDAQ,
,ILLM,2.22,TSE,
,HITI,1.26,NASDAQ,
,THTX,0.89,NASDAQ,
,TMQ,0.73,TSE,
,ASM,0.90,TSE,
,VFF,0.68,NASDAQ,
,GP,2.71,NASDAQ,
,BRAG,4.20,TSE,
,DPRO,1.39,NASDAQ,
,MOGO,0.90,TSE,
,APTO,5.74,NASDAQ,
,DRTT,0.30,NASDAQ,
,HEXO,0.91,TSE,
,ACST,0.57,NASDAQ,
,AKU,0.35,TSE,
,ANY,0.32,NASDAQ,
,LSDI,1.17,NASDAQ,
,IMV,1.12,TSE,
,VS,0.56,NASDAQ,
,BRSH,0.33,NASDAQ,
,YVR,0.16,NASDAQ,
,NEPT,0.16,NASDAQ,
